Station,Site_Timestamp,Temperature
"Benediktinerabtei St. Stephan, Augsburg",2026-04-10 11:40:00,9.4
"Königsplatz, Augsburg",2026-04-10 11:40:00,8.56
Grundschule Aystetten,2026-04-10 11:40:00,9.73
"Sternwarte Streitheim, Markt Zusmarshausen",2026-04-10 11:40:00,9.97
"Benediktinerabtei St. Stephan, Augsburg",2026-04-10 12:30:00,8.72
"Königsplatz, Augsburg",2026-04-10 12:30:00,7.93
Grundschule Aystetten,2026-04-10 12:30:00,9.06
"Sternwarte Streitheim, Markt Zusmarshausen",2026-04-10 12:30:00,9.01
"Benediktinerabtei St. Stephan, Augsburg",2026-04-10 13:25:00,8.75
"Königsplatz, Augsburg",2026-04-10 13:25:00,7.91
Grundschule Aystetten,2026-04-10 13:25:00,9.38
"Sternwarte Streitheim, Markt Zusmarshausen",2026-04-10 13:25:00,9.67
"Benediktinerabtei St. Stephan, Augsburg",2026-04-10 14:05:00,9.35
"Königsplatz, Augsburg",2026-04-10 14:05:00,8.37
Grundschule Aystetten,2026-04-10 14:05:00,9.6
"Sternwarte Streitheim, Markt Zusmarshausen",2026-04-10 14:05:00,9.65
"Benediktinerabtei St. Stephan, Augsburg",2026-04-10 15:00:00,9.53
"Königsplatz, Augsburg",2026-04-10 15:00:00,8.71
Grundschule Aystetten,2026-04-10 15:00:00,10.38
"Sternwarte Streitheim, Markt Zusmarshausen",2026-04-10 15:00:00,9.91
"Benediktinerabtei St. Stephan, Augsburg",2026-04-10 15:40:00,10.08
"Königsplatz, Augsburg",2026-04-10 15:45:00,9.07
Grundschule Aystetten,2026-04-10 15:45:00,10.8
"Sternwarte Streitheim, Markt Zusmarshausen",2026-04-10 15:45:00,10.6
"Benediktinerabtei St. Stephan, Augsburg",2026-04-10 16:40:00,11.17
"Königsplatz, Augsburg",2026-04-10 16:40:00,9.9
Grundschule Aystetten,2026-04-10 16:40:00,11.15
"Sternwarte Streitheim, Markt Zusmarshausen",2026-04-10 16:40:00,11.23
"Benediktinerabtei St. Stephan, Augsburg",2026-04-10 17:35:00,10.34
"Königsplatz, Augsburg",2026-04-10 17:35:00,9.85
Grundschule Aystetten,2026-04-10 17:35:00,11.25
"Sternwarte Streitheim, Markt Zusmarshausen",2026-04-10 17:35:00,11.43
"Benediktinerabtei St. Stephan, Augsburg",2026-04-10 18:35:00,10.1
"Königsplatz, Augsburg",2026-04-10 18:35:00,9.34
Grundschule Aystetten,2026-04-10 18:35:00,10.87
"Sternwarte Streitheim, Markt Zusmarshausen",2026-04-10 18:35:00,10.75
"Benediktinerabtei St. Stephan, Augsburg",2026-04-10 19:30:00,9.71
"Königsplatz, Augsburg",2026-04-10 19:30:00,9.02
Grundschule Aystetten,2026-04-10 19:30:00,10.33
"Sternwarte Streitheim, Markt Zusmarshausen",2026-04-10 19:30:00,9.89
"Benediktinerabtei St. Stephan, Augsburg",2026-04-10 20:30:00,9.63
"Königsplatz, Augsburg",2026-04-10 20:30:00,8.73
Grundschule Aystetten,2026-04-10 20:30:00,9.42
"Sternwarte Streitheim, Markt Zusmarshausen",2026-04-10 20:30:00,9.27
"Benediktinerabtei St. Stephan, Augsburg",2026-04-10 21:30:00,9.4
"Königsplatz, Augsburg",2026-04-10 21:30:00,8.32
Grundschule Aystetten,2026-04-10 21:30:00,8.49
"Sternwarte Streitheim, Markt Zusmarshausen",2026-04-10 21:30:00,8.47
"Benediktinerabtei St. Stephan, Augsburg",2026-04-10 22:05:00,9.17
"Königsplatz, Augsburg",2026-04-10 22:05:00,7.91
Grundschule Aystetten,2026-04-10 22:05:00,8.19
"Sternwarte Streitheim, Markt Zusmarshausen",2026-04-10 22:05:00,8.66
"Benediktinerabtei St. Stephan, Augsburg",2026-04-10 22:55:00,8.88
"Königsplatz, Augsburg",2026-04-10 22:55:00,7.64
Grundschule Aystetten,2026-04-10 22:55:00,7.89
"Sternwarte Streitheim, Markt Zusmarshausen",2026-04-10 22:55:00,8.44
"Benediktinerabtei St. Stephan, Augsburg",2026-04-10 23:50:00,8.59
"Königsplatz, Augsburg",2026-04-10 23:50:00,7.37
Grundschule Aystetten,2026-04-10 23:50:00,7.77
"Sternwarte Streitheim, Markt Zusmarshausen",2026-04-10 23:50:00,7.96
"Benediktinerabtei St. Stephan, Augsburg",2026-04-11 00:45:00,8.44
"Königsplatz, Augsburg",2026-04-11 00:45:00,7.35
Grundschule Aystetten,2026-04-11 00:45:00,7.58
"Sternwarte Streitheim, Markt Zusmarshausen",2026-04-11 00:45:00,8.58
"Benediktinerabtei St. Stephan, Augsburg",2026-04-11 01:20:00,7.89
"Königsplatz, Augsburg",2026-04-11 01:20:00,6.99
Grundschule Aystetten,2026-04-11 01:20:00,6.87
"Sternwarte Streitheim, Markt Zusmarshausen",2026-04-11 01:20:00,8.12
"Benediktinerabtei St. Stephan, Augsburg",2026-04-11 02:00:00,7.21
"Königsplatz, Augsburg",2026-04-11 02:00:00,6.38
Grundschule Aystetten,2026-04-11 02:00:00,6.72
"Sternwarte Streitheim, Markt Zusmarshausen",2026-04-11 02:00:00,7.4
"Benediktinerabtei St. Stephan, Augsburg",2026-04-11 05:15:00,6.59
"Königsplatz, Augsburg",2026-04-11 05:15:00,5.8
Grundschule Aystetten,2026-04-11 05:15:00,7.03
"Sternwarte Streitheim, Markt Zusmarshausen",2026-04-11 05:15:00,6.92
"Benediktinerabtei St. Stephan, Augsburg",2026-04-11 07:10:00,6.01
"Königsplatz, Augsburg",2026-04-11 07:10:00,5.29
Grundschule Aystetten,2026-04-11 07:10:00,6.16
"Sternwarte Streitheim, Markt Zusmarshausen",2026-04-11 07:10:00,5.98
"Benediktinerabtei St. Stephan, Augsburg",2026-04-11 08:15:00,6.46
"Königsplatz, Augsburg",2026-04-11 08:15:00,5.82
Grundschule Aystetten,2026-04-11 08:15:00,6.83
"Sternwarte Streitheim, Markt Zusmarshausen",2026-04-11 08:15:00,6.65
"Benediktinerabtei St. Stephan, Augsburg",2026-04-11 09:30:00,9.01
"Königsplatz, Augsburg",2026-04-11 09:30:00,8.34
Grundschule Aystetten,2026-04-11 09:30:00,9.97
"Sternwarte Streitheim, Markt Zusmarshausen",2026-04-11 09:30:00,9.3
"Benediktinerabtei St. Stephan, Augsburg",2026-04-11 10:20:00,11.12
"Königsplatz, Augsburg",2026-04-11 10:25:00,10.1
Grundschule Aystetten,2026-04-11 10:25:00,11.64
"Sternwarte Streitheim, Markt Zusmarshausen",2026-04-11 10:25:00,10.8
"Benediktinerabtei St. Stephan, Augsburg",2026-04-11 11:05:00,13.78
"Königsplatz, Augsburg",2026-04-11 11:10:00,11.45
Grundschule Aystetten,2026-04-11 11:10:00,13.67
"Sternwarte Streitheim, Markt Zusmarshausen",2026-04-11 11:10:00,13.03
"Benediktinerabtei St. Stephan, Augsburg",2026-04-11 11:55:00,15.52
"Königsplatz, Augsburg",2026-04-11 11:55:00,12.63
Grundschule Aystetten,2026-04-11 11:55:00,14.6
"Sternwarte Streitheim, Markt Zusmarshausen",2026-04-11 11:55:00,14.16
"Benediktinerabtei St. Stephan, Augsburg",2026-04-11 12:45:00,17.35
"Königsplatz, Augsburg",2026-04-11 12:50:00,14.58
Grundschule Aystetten,2026-04-11 12:50:00,16.48
"Sternwarte Streitheim, Markt Zusmarshausen",2026-04-11 12:50:00,16
"Benediktinerabtei St. Stephan, Augsburg",2026-04-11 13:20:00,18.62
"Königsplatz, Augsburg",2026-04-11 13:20:00,15.31
Grundschule Aystetten,2026-04-11 13:20:00,17.24
"Sternwarte Streitheim, Markt Zusmarshausen",2026-04-11 13:20:00,16.48
"Benediktinerabtei St. Stephan, Augsburg",2026-04-11 13:55:00,17.87
"Königsplatz, Augsburg",2026-04-11 13:55:00,16.45
Grundschule Aystetten,2026-04-11 13:55:00,18.56
"Sternwarte Streitheim, Markt Zusmarshausen",2026-04-11 13:55:00,17.75
"Benediktinerabtei St. Stephan, Augsburg",2026-04-11 15:15:00,20.21
"Königsplatz, Augsburg",2026-04-11 15:15:00,17.7
Grundschule Aystetten,2026-04-11 15:15:00,19.33
"Sternwarte Streitheim, Markt Zusmarshausen",2026-04-11 15:15:00,19.49
"Benediktinerabtei St. Stephan, Augsburg",2026-04-11 16:00:00,19.67
"Königsplatz, Augsburg",2026-04-11 16:00:00,19.08
Grundschule Aystetten,2026-04-11 16:00:00,20.27
"Sternwarte Streitheim, Markt Zusmarshausen",2026-04-11 16:00:00,19.69
"Benediktinerabtei St. Stephan, Augsburg",2026-04-11 16:50:00,20.19
"Königsplatz, Augsburg",2026-04-11 16:55:00,18.87
Grundschule Aystetten,2026-04-11 16:50:00,20.68
"Sternwarte Streitheim, Markt Zusmarshausen",2026-04-11 16:55:00,20.3
"Benediktinerabtei St. Stephan, Augsburg",2026-04-11 17:40:00,20.29
"Königsplatz, Augsburg",2026-04-11 17:40:00,18.72
Grundschule Aystetten,2026-04-11 17:40:00,20.14
"Sternwarte Streitheim, Markt Zusmarshausen",2026-04-11 17:40:00,20.78
"Benediktinerabtei St. Stephan, Augsburg",2026-04-11 18:15:00,19.35
"Königsplatz, Augsburg",2026-04-11 18:15:00,18.02
Grundschule Aystetten,2026-04-11 18:15:00,19.97
"Sternwarte Streitheim, Markt Zusmarshausen",2026-04-11 18:15:00,18.43
"Benediktinerabtei St. Stephan, Augsburg",2026-04-11 19:00:00,17.71
"Königsplatz, Augsburg",2026-04-11 19:00:00,16.92
Grundschule Aystetten,2026-04-11 19:00:00,18.38
"Sternwarte Streitheim, Markt Zusmarshausen",2026-04-11 19:00:00,17.07
"Benediktinerabtei St. Stephan, Augsburg",2026-04-11 19:45:00,15.13
"Königsplatz, Augsburg",2026-04-11 19:45:00,14.55
Grundschule Aystetten,2026-04-11 19:45:00,15.74
"Sternwarte Streitheim, Markt Zusmarshausen",2026-04-11 19:45:00,15.5
"Benediktinerabtei St. Stephan, Augsburg",2026-04-11 20:25:00,14.09
"Königsplatz, Augsburg",2026-04-11 20:25:00,13.56
Grundschule Aystetten,2026-04-11 20:25:00,14.26
"Sternwarte Streitheim, Markt Zusmarshausen",2026-04-11 20:25:00,14.44
"Benediktinerabtei St. Stephan, Augsburg",2026-04-11 21:20:00,13.49
"Königsplatz, Augsburg",2026-04-11 21:20:00,12.76
Grundschule Aystetten,2026-04-11 21:20:00,13.88
"Sternwarte Streitheim, Markt Zusmarshausen",2026-04-11 21:20:00,14.19
"Benediktinerabtei St. Stephan, Augsburg",2026-04-11 21:55:00,13.54
"Königsplatz, Augsburg",2026-04-11 21:55:00,12.63
Grundschule Aystetten,2026-04-11 21:55:00,12.59
"Sternwarte Streitheim, Markt Zusmarshausen",2026-04-11 21:55:00,11.71
"Benediktinerabtei St. Stephan, Augsburg",2026-04-11 22:45:00,10.94
"Königsplatz, Augsburg",2026-04-11 22:45:00,10.44
Grundschule Aystetten,2026-04-11 22:45:00,10.91
"Sternwarte Streitheim, Markt Zusmarshausen",2026-04-11 22:45:00,10.73
"Benediktinerabtei St. Stephan, Augsburg",2026-04-11 23:20:00,9.97
"Königsplatz, Augsburg",2026-04-11 23:20:00,9.56
Grundschule Aystetten,2026-04-11 23:20:00,10.07
"Sternwarte Streitheim, Markt Zusmarshausen",2026-04-11 23:20:00,10.45
"Benediktinerabtei St. Stephan, Augsburg",2026-04-11 23:55:00,9.95
"Königsplatz, Augsburg",2026-04-11 23:55:00,9.41
Grundschule Aystetten,2026-04-11 23:55:00,9.96
"Sternwarte Streitheim, Markt Zusmarshausen",2026-04-11 23:55:00,10.78
"Benediktinerabtei St. Stephan, Augsburg",2026-04-12 00:35:00,9.95
"Königsplatz, Augsburg",2026-04-12 00:40:00,9.36
Grundschule Aystetten,2026-04-12 00:35:00,9.6
"Sternwarte Streitheim, Markt Zusmarshausen",2026-04-12 00:40:00,9.57
"Benediktinerabtei St. Stephan, Augsburg",2026-04-12 01:15:00,9.9
"Königsplatz, Augsburg",2026-04-12 01:15:00,9.07
Grundschule Aystetten,2026-04-12 01:15:00,8.83
"Sternwarte Streitheim, Markt Zusmarshausen",2026-04-12 01:15:00,9.59
"Benediktinerabtei St. Stephan, Augsburg",2026-04-12 01:55:00,9.84
"Königsplatz, Augsburg",2026-04-12 01:55:00,8.73
Grundschule Aystetten,2026-04-12 01:55:00,8.69
"Sternwarte Streitheim, Markt Zusmarshausen",2026-04-12 01:55:00,9.41
"Benediktinerabtei St. Stephan, Augsburg",2026-04-12 05:25:00,9.17
"Königsplatz, Augsburg",2026-04-12 05:25:00,8.49
Grundschule Aystetten,2026-04-12 05:25:00,8.58
"Sternwarte Streitheim, Markt Zusmarshausen",2026-04-12 05:25:00,9.17
"Benediktinerabtei St. Stephan, Augsburg",2026-04-12 07:35:00,9.32
"Königsplatz, Augsburg",2026-04-12 07:35:00,8.71
Grundschule Aystetten,2026-04-12 07:35:00,9.15
"Sternwarte Streitheim, Markt Zusmarshausen",2026-04-12 07:35:00,9.14
"Benediktinerabtei St. Stephan, Augsburg",2026-04-12 08:55:00,9.5
"Königsplatz, Augsburg",2026-04-12 08:55:00,8.78
Grundschule Aystetten,2026-04-12 08:55:00,9.76
"Sternwarte Streitheim, Markt Zusmarshausen",2026-04-12 08:55:00,10
"Benediktinerabtei St. Stephan, Augsburg",2026-04-12 10:05:00,10.39
"Königsplatz, Augsburg",2026-04-12 10:05:00,9.56
Grundschule Aystetten,2026-04-12 10:05:00,10.51
"Sternwarte Streitheim, Markt Zusmarshausen",2026-04-12 10:05:00,10.7
"Benediktinerabtei St. Stephan, Augsburg",2026-04-12 11:00:00,8.98
"Königsplatz, Augsburg",2026-04-12 11:05:00,8.2
Grundschule Aystetten,2026-04-12 11:05:00,9.58
"Sternwarte Streitheim, Markt Zusmarshausen",2026-04-12 11:05:00,9.86
"Benediktinerabtei St. Stephan, Augsburg",2026-04-12 11:55:00,9.14
"Königsplatz, Augsburg",2026-04-12 11:55:00,8.05
Grundschule Aystetten,2026-04-12 11:55:00,9.1
"Sternwarte Streitheim, Markt Zusmarshausen",2026-04-12 11:55:00,8.9
"Benediktinerabtei St. Stephan, Augsburg",2026-04-12 12:50:00,9.56
"Königsplatz, Augsburg",2026-04-12 12:50:00,8.08
Grundschule Aystetten,2026-04-12 12:50:00,9.41
"Sternwarte Streitheim, Markt Zusmarshausen",2026-04-12 12:55:00,9.51
"Benediktinerabtei St. Stephan, Augsburg",2026-04-12 13:35:00,10.05
"Königsplatz, Augsburg",2026-04-12 13:35:00,8.88
Grundschule Aystetten,2026-04-12 13:35:00,9.71
"Sternwarte Streitheim, Markt Zusmarshausen",2026-04-12 13:35:00,9.38
"Benediktinerabtei St. Stephan, Augsburg",2026-04-12 14:00:00,9.9
"Königsplatz, Augsburg",2026-04-12 14:00:00,8.66
Grundschule Aystetten,2026-04-12 14:00:00,9.41
"Sternwarte Streitheim, Markt Zusmarshausen",2026-04-12 14:00:00,9.38
"Benediktinerabtei St. Stephan, Augsburg",2026-04-12 15:30:00,9.92
"Königsplatz, Augsburg",2026-04-12 15:30:00,8.9
Grundschule Aystetten,2026-04-12 15:30:00,10.11
"Sternwarte Streitheim, Markt Zusmarshausen",2026-04-12 15:30:00,9.59
"Benediktinerabtei St. Stephan, Augsburg",2026-04-12 16:20:00,10.47
"Königsplatz, Augsburg",2026-04-12 16:20:00,8.9
Grundschule Aystetten,2026-04-12 16:20:00,10.11
"Sternwarte Streitheim, Markt Zusmarshausen",2026-04-12 16:20:00,9.97
"Benediktinerabtei St. Stephan, Augsburg",2026-04-12 17:05:00,10.39
"Königsplatz, Augsburg",2026-04-12 17:05:00,8.98
Grundschule Aystetten,2026-04-12 17:05:00,10.05
"Sternwarte Streitheim, Markt Zusmarshausen",2026-04-12 17:05:00,9.59
"Benediktinerabtei St. Stephan, Augsburg",2026-04-12 17:50:00,9.63
"Königsplatz, Augsburg",2026-04-12 17:50:00,8.54
Grundschule Aystetten,2026-04-12 17:50:00,9.5
"Sternwarte Streitheim, Markt Zusmarshausen",2026-04-12 17:50:00,9.03
"Benediktinerabtei St. Stephan, Augsburg",2026-04-12 18:45:00,9.04
"Königsplatz, Augsburg",2026-04-12 18:50:00,7.88
Grundschule Aystetten,2026-04-12 18:45:00,9.1
"Sternwarte Streitheim, Markt Zusmarshausen",2026-04-12 18:50:00,8.74
"Benediktinerabtei St. Stephan, Augsburg",2026-04-12 19:25:00,8.75
"Königsplatz, Augsburg",2026-04-12 19:25:00,7.54
Grundschule Aystetten,2026-04-12 19:25:00,8.68
"Sternwarte Streitheim, Markt Zusmarshausen",2026-04-12 19:25:00,8.47
"Benediktinerabtei St. Stephan, Augsburg",2026-04-12 20:00:00,8.28
"Königsplatz, Augsburg",2026-04-12 20:00:00,7.23
Grundschule Aystetten,2026-04-12 20:00:00,8.35
"Sternwarte Streitheim, Markt Zusmarshausen",2026-04-12 20:00:00,8.15
"Benediktinerabtei St. Stephan, Augsburg",2026-04-12 21:05:00,8.18
"Königsplatz, Augsburg",2026-04-12 21:05:00,6.89
Grundschule Aystetten,2026-04-12 21:05:00,7.88
"Sternwarte Streitheim, Markt Zusmarshausen",2026-04-12 21:05:00,7.64
"Benediktinerabtei St. Stephan, Augsburg",2026-04-12 21:50:00,7.65
"Königsplatz, Augsburg",2026-04-12 21:50:00,6.74
Grundschule Aystetten,2026-04-12 21:50:00,7.53
"Sternwarte Streitheim, Markt Zusmarshausen",2026-04-12 21:50:00,7.24
"Benediktinerabtei St. Stephan, Augsburg",2026-04-12 22:40:00,7.52
"Königsplatz, Augsburg",2026-04-12 22:45:00,6.77
Grundschule Aystetten,2026-04-12 22:40:00,7.5
"Sternwarte Streitheim, Markt Zusmarshausen",2026-04-12 22:45:00,7.16
"Benediktinerabtei St. Stephan, Augsburg",2026-04-12 23:20:00,7.26
"Königsplatz, Augsburg",2026-04-12 23:20:00,6.65
Grundschule Aystetten,2026-04-12 23:20:00,7.32
"Sternwarte Streitheim, Markt Zusmarshausen",2026-04-12 23:20:00,7.13
"Benediktinerabtei St. Stephan, Augsburg",2026-04-13 00:00:00,7.29
"Königsplatz, Augsburg",2026-04-13 00:00:00,6.52
Grundschule Aystetten,2026-04-13 00:00:00,7.31
"Sternwarte Streitheim, Markt Zusmarshausen",2026-04-13 00:00:00,7.13
"Benediktinerabtei St. Stephan, Augsburg",2026-04-13 00:50:00,7.06
"Königsplatz, Augsburg",2026-04-13 00:55:00,6.35
Grundschule Aystetten,2026-04-13 00:50:00,7.28
"Sternwarte Streitheim, Markt Zusmarshausen",2026-04-13 00:55:00,7.05
"Benediktinerabtei St. Stephan, Augsburg",2026-04-13 01:40:00,7.08
"Königsplatz, Augsburg",2026-04-13 01:40:00,6.38
Grundschule Aystetten,2026-04-13 01:40:00,7.14
"Sternwarte Streitheim, Markt Zusmarshausen",2026-04-13 01:40:00,7.05
"Benediktinerabtei St. Stephan, Augsburg",2026-04-13 03:10:00,7.08
"Königsplatz, Augsburg",2026-04-13 03:10:00,6.35
Grundschule Aystetten,2026-04-13 03:10:00,7.24
"Sternwarte Streitheim, Markt Zusmarshausen",2026-04-13 03:10:00,7.08
"Benediktinerabtei St. Stephan, Augsburg",2026-04-13 06:30:00,6.93
"Königsplatz, Augsburg",2026-04-13 06:30:00,5.87
Grundschule Aystetten,2026-04-13 06:30:00,6.93
"Sternwarte Streitheim, Markt Zusmarshausen",2026-04-13 06:30:00,6.84
"Benediktinerabtei St. Stephan, Augsburg",2026-04-13 08:30:00,6.38
"Königsplatz, Augsburg",2026-04-13 08:35:00,5.53
Grundschule Aystetten,2026-04-13 08:35:00,6.86
"Sternwarte Streitheim, Markt Zusmarshausen",2026-04-13 08:35:00,6.6
"Benediktinerabtei St. Stephan, Augsburg",2026-04-13 10:30:00,7.92
"Königsplatz, Augsburg",2026-04-13 10:35:00,7.57
Grundschule Aystetten,2026-04-13 10:35:00,8.35
"Sternwarte Streitheim, Markt Zusmarshausen",2026-04-13 10:35:00,8.63
"Benediktinerabtei St. Stephan, Augsburg",2026-04-13 12:20:00,9.4
"Königsplatz, Augsburg",2026-04-13 12:20:00,9.44
Grundschule Aystetten,2026-04-13 12:20:00,10.76
"Sternwarte Streitheim, Markt Zusmarshausen",2026-04-13 12:20:00,9.54
"Benediktinerabtei St. Stephan, Augsburg",2026-04-13 13:50:00,11.77
"Königsplatz, Augsburg",2026-04-13 13:50:00,12.39
Grundschule Aystetten,2026-04-13 13:50:00,12.8
"Sternwarte Streitheim, Markt Zusmarshausen",2026-04-13 13:50:00,11.84
"Benediktinerabtei St. Stephan, Augsburg",2026-04-13 15:55:00,12.84
"Königsplatz, Augsburg",2026-04-13 15:55:00,11.97
Grundschule Aystetten,2026-04-13 15:55:00,13.35
"Sternwarte Streitheim, Markt Zusmarshausen",2026-04-13 15:55:00,12.55
"Benediktinerabtei St. Stephan, Augsburg",2026-04-13 17:20:00,12.24
"Königsplatz, Augsburg",2026-04-13 17:20:00,11.3
Grundschule Aystetten,2026-04-13 17:20:00,12.13
"Sternwarte Streitheim, Markt Zusmarshausen",2026-04-13 17:20:00,11.81
"Benediktinerabtei St. Stephan, Augsburg",2026-04-13 18:40:00,11.48
"Königsplatz, Augsburg",2026-04-13 18:45:00,10.65
Grundschule Aystetten,2026-04-13 18:40:00,11.4
"Sternwarte Streitheim, Markt Zusmarshausen",2026-04-13 18:45:00,11.31
"Benediktinerabtei St. Stephan, Augsburg",2026-04-13 19:45:00,10.96
"Königsplatz, Augsburg",2026-04-13 19:45:00,10.18
Grundschule Aystetten,2026-04-13 19:45:00,10.33
"Sternwarte Streitheim, Markt Zusmarshausen",2026-04-13 19:45:00,10.47
"Benediktinerabtei St. Stephan, Augsburg",2026-04-13 20:55:00,10.29
"Königsplatz, Augsburg",2026-04-13 20:55:00,9.46
Grundschule Aystetten,2026-04-13 20:55:00,9.97
"Sternwarte Streitheim, Markt Zusmarshausen",2026-04-13 20:55:00,10.37
"Benediktinerabtei St. Stephan, Augsburg",2026-04-13 22:10:00,9.97
"Königsplatz, Augsburg",2026-04-13 22:10:00,9.24
Grundschule Aystetten,2026-04-13 22:10:00,9.69
"Sternwarte Streitheim, Markt Zusmarshausen",2026-04-13 22:10:00,9.59
"Benediktinerabtei St. Stephan, Augsburg",2026-04-13 23:05:00,9.48
"Königsplatz, Augsburg",2026-04-13 23:10:00,8.59
Grundschule Aystetten,2026-04-13 23:10:00,9.21
"Sternwarte Streitheim, Markt Zusmarshausen",2026-04-13 23:10:00,9.17
"Benediktinerabtei St. Stephan, Augsburg",2026-04-14 00:00:00,9.09
"Königsplatz, Augsburg",2026-04-14 00:00:00,8.22
Grundschule Aystetten,2026-04-14 00:00:00,9.11
"Sternwarte Streitheim, Markt Zusmarshausen",2026-04-14 00:05:00,8.87
"Benediktinerabtei St. Stephan, Augsburg",2026-04-14 01:00:00,9.04
"Königsplatz, Augsburg",2026-04-14 01:00:00,8.15
Grundschule Aystetten,2026-04-14 01:00:00,8.76
"Sternwarte Streitheim, Markt Zusmarshausen",2026-04-14 01:00:00,8.47
"Benediktinerabtei St. Stephan, Augsburg",2026-04-14 01:55:00,8.41
"Königsplatz, Augsburg",2026-04-14 01:55:00,7.57
Grundschule Aystetten,2026-04-14 01:55:00,8.28
"Sternwarte Streitheim, Markt Zusmarshausen",2026-04-14 01:55:00,8.1
"Benediktinerabtei St. Stephan, Augsburg",2026-04-14 05:35:00,7.34
"Königsplatz, Augsburg",2026-04-14 05:35:00,6.52
Grundschule Aystetten,2026-04-14 05:35:00,7.43
"Sternwarte Streitheim, Markt Zusmarshausen",2026-04-14 05:35:00,7.35
"Benediktinerabtei St. Stephan, Augsburg",2026-04-14 07:45:00,7.16
"Königsplatz, Augsburg",2026-04-14 07:45:00,6.43
Grundschule Aystetten,2026-04-14 07:50:00,7.51
"Sternwarte Streitheim, Markt Zusmarshausen",2026-04-14 07:45:00,7.48
"Benediktinerabtei St. Stephan, Augsburg",2026-04-14 09:15:00,8.02
"Königsplatz, Augsburg",2026-04-14 09:15:00,7.06
Grundschule Aystetten,2026-04-14 09:20:00,8.3
"Sternwarte Streitheim, Markt Zusmarshausen",2026-04-14 09:20:00,8.26
"Benediktinerabtei St. Stephan, Augsburg",2026-04-14 10:55:00,8.72
"Königsplatz, Augsburg",2026-04-14 10:55:00,7.83
Grundschule Aystetten,2026-04-14 10:55:00,9.2
"Sternwarte Streitheim, Markt Zusmarshausen",2026-04-14 10:55:00,8.74
"Benediktinerabtei St. Stephan, Augsburg",2026-04-14 12:20:00,9.37
"Königsplatz, Augsburg",2026-04-14 12:20:00,8.59
Grundschule Aystetten,2026-04-14 12:20:00,9.37
"Sternwarte Streitheim, Markt Zusmarshausen",2026-04-14 12:20:00,9.03
"Benediktinerabtei St. Stephan, Augsburg",2026-04-14 13:35:00,10.68
"Königsplatz, Augsburg",2026-04-14 13:35:00,9.27
Grundschule Aystetten,2026-04-14 13:35:00,10.91
"Sternwarte Streitheim, Markt Zusmarshausen",2026-04-14 13:35:00,10.17
"Benediktinerabtei St. Stephan, Augsburg",2026-04-14 14:45:00,10.18
"Königsplatz, Augsburg",2026-04-14 14:45:00,9.19
Grundschule Aystetten,2026-04-14 14:45:00,11.08
"Sternwarte Streitheim, Markt Zusmarshausen",2026-04-14 14:45:00,10.58
"Benediktinerabtei St. Stephan, Augsburg",2026-04-14 16:30:00,10.18
"Königsplatz, Augsburg",2026-04-14 16:30:00,8.95
Grundschule Aystetten,2026-04-14 16:30:00,10.26
"Sternwarte Streitheim, Markt Zusmarshausen",2026-04-14 16:30:00,10.1
"Benediktinerabtei St. Stephan, Augsburg",2026-04-14 17:50:00,9.77
"Königsplatz, Augsburg",2026-04-14 17:50:00,8.68
Grundschule Aystetten,2026-04-14 17:55:00,10.15
"Sternwarte Streitheim, Markt Zusmarshausen",2026-04-14 17:50:00,9.46
"Benediktinerabtei St. Stephan, Augsburg",2026-04-14 19:15:00,9.06
"Königsplatz, Augsburg",2026-04-14 19:15:00,8.3
Grundschule Aystetten,2026-04-14 19:15:00,9.46
"Sternwarte Streitheim, Markt Zusmarshausen",2026-04-14 19:15:00,9.38
"Benediktinerabtei St. Stephan, Augsburg",2026-04-14 20:40:00,8.96
"Königsplatz, Augsburg",2026-04-14 20:40:00,8.03
Grundschule Aystetten,2026-04-14 20:40:00,9.08
"Sternwarte Streitheim, Markt Zusmarshausen",2026-04-14 20:40:00,8.9
"Benediktinerabtei St. Stephan, Augsburg",2026-04-14 21:55:00,8.8
"Königsplatz, Augsburg",2026-04-14 21:55:00,7.96
Grundschule Aystetten,2026-04-14 21:55:00,8.99
"Sternwarte Streitheim, Markt Zusmarshausen",2026-04-14 21:55:00,8.76
"Benediktinerabtei St. Stephan, Augsburg",2026-04-14 23:00:00,8.62
"Königsplatz, Augsburg",2026-04-14 23:00:00,7.81
Grundschule Aystetten,2026-04-14 23:00:00,8.83
"Sternwarte Streitheim, Markt Zusmarshausen",2026-04-14 23:00:00,8.63
"Benediktinerabtei St. Stephan, Augsburg",2026-04-15 00:00:00,8.54
"Königsplatz, Augsburg",2026-04-15 00:00:00,7.64
Grundschule Aystetten,2026-04-15 00:00:00,8.45
"Sternwarte Streitheim, Markt Zusmarshausen",2026-04-15 00:00:00,8.42
"Benediktinerabtei St. Stephan, Augsburg",2026-04-15 01:00:00,8.1
"Königsplatz, Augsburg",2026-04-15 01:00:00,7.37
Grundschule Aystetten,2026-04-15 01:00:00,8.29
"Sternwarte Streitheim, Markt Zusmarshausen",2026-04-15 01:00:00,8.04
"Benediktinerabtei St. Stephan, Augsburg",2026-04-15 01:55:00,7.89
"Königsplatz, Augsburg",2026-04-15 01:55:00,7.23
Grundschule Aystetten,2026-04-15 01:55:00,8.07
"Sternwarte Streitheim, Markt Zusmarshausen",2026-04-15 01:55:00,7.91
"Benediktinerabtei St. Stephan, Augsburg",2026-04-15 05:30:00,7.65
"Königsplatz, Augsburg",2026-04-15 05:30:00,6.89
Grundschule Aystetten,2026-04-15 05:30:00,7.79
"Sternwarte Streitheim, Markt Zusmarshausen",2026-04-15 05:30:00,7.37
"Benediktinerabtei St. Stephan, Augsburg",2026-04-15 07:45:00,7.99
"Königsplatz, Augsburg",2026-04-15 07:50:00,7.08
Grundschule Aystetten,2026-04-15 07:50:00,7.97
"Sternwarte Streitheim, Markt Zusmarshausen",2026-04-15 07:50:00,7.7
"Benediktinerabtei St. Stephan, Augsburg",2026-04-15 09:20:00,9.14
"Königsplatz, Augsburg",2026-04-15 09:20:00,8.47
Grundschule Aystetten,2026-04-15 09:20:00,9.35
"Sternwarte Streitheim, Markt Zusmarshausen",2026-04-15 09:20:00,8.9
"Benediktinerabtei St. Stephan, Augsburg",2026-04-15 11:00:00,9.5
"Königsplatz, Augsburg",2026-04-15 11:05:00,9.65
Grundschule Aystetten,2026-04-15 11:05:00,10.17
"Sternwarte Streitheim, Markt Zusmarshausen",2026-04-15 11:05:00,10.12
"Benediktinerabtei St. Stephan, Augsburg",2026-04-15 12:35:00,11.25
"Königsplatz, Augsburg",2026-04-15 12:35:00,10.85
Grundschule Aystetten,2026-04-15 12:35:00,11.03
"Sternwarte Streitheim, Markt Zusmarshausen",2026-04-15 12:35:00,10.95
"Benediktinerabtei St. Stephan, Augsburg",2026-04-15 13:35:00,12.21
"Königsplatz, Augsburg",2026-04-15 13:35:00,10.88
Grundschule Aystetten,2026-04-15 13:30:00,12.52
"Sternwarte Streitheim, Markt Zusmarshausen",2026-04-15 13:35:00,12.09
"Benediktinerabtei St. Stephan, Augsburg",2026-04-15 14:45:00,11.93
"Königsplatz, Augsburg",2026-04-15 14:45:00,11.71
"Sternwarte Streitheim, Markt Zusmarshausen",2026-04-15 14:45:00,12.34
"Benediktinerabtei St. Stephan, Augsburg",2026-04-15 16:20:00,12.53
"Königsplatz, Augsburg",2026-04-15 16:20:00,11.9
Grundschule Aystetten,2026-04-15 16:20:00,12.46
"Sternwarte Streitheim, Markt Zusmarshausen",2026-04-15 16:20:00,12.47
"Benediktinerabtei St. Stephan, Augsburg",2026-04-15 17:45:00,11.93
"Königsplatz, Augsburg",2026-04-15 17:45:00,11.19
Grundschule Aystetten,2026-04-15 17:45:00,12.05
"Sternwarte Streitheim, Markt Zusmarshausen",2026-04-15 17:45:00,11.84
"Benediktinerabtei St. Stephan, Augsburg",2026-04-15 18:50:00,11.85
"Königsplatz, Augsburg",2026-04-15 18:50:00,11.22
Grundschule Aystetten,2026-04-15 18:50:00,11.74
"Sternwarte Streitheim, Markt Zusmarshausen",2026-04-15 18:50:00,11.59
"Benediktinerabtei St. Stephan, Augsburg",2026-04-15 20:05:00,11.43
"Königsplatz, Augsburg",2026-04-15 20:05:00,10.75
Grundschule Aystetten,2026-04-15 20:05:00,11.16
"Sternwarte Streitheim, Markt Zusmarshausen",2026-04-15 20:05:00,11.31
"Benediktinerabtei St. Stephan, Augsburg",2026-04-15 21:40:00,11.2
"Königsplatz, Augsburg",2026-04-15 21:40:00,10.28
Grundschule Aystetten,2026-04-15 21:40:00,10.53
"Sternwarte Streitheim, Markt Zusmarshausen",2026-04-15 21:40:00,10.37
"Benediktinerabtei St. Stephan, Augsburg",2026-04-15 22:30:00,10.89
"Königsplatz, Augsburg",2026-04-15 22:30:00,9.97
Grundschule Aystetten,2026-04-15 22:30:00,10.2
"Sternwarte Streitheim, Markt Zusmarshausen",2026-04-15 22:30:00,10
"Benediktinerabtei St. Stephan, Augsburg",2026-04-15 23:35:00,10.26
"Königsplatz, Augsburg",2026-04-15 23:35:00,9.24
Grundschule Aystetten,2026-04-15 23:35:00,9.94
"Sternwarte Streitheim, Markt Zusmarshausen",2026-04-15 23:35:00,9.86
"Benediktinerabtei St. Stephan, Augsburg",2026-04-16 00:25:00,10.39
"Königsplatz, Augsburg",2026-04-16 00:25:00,9.17
Grundschule Aystetten,2026-04-16 00:25:00,9.9
"Sternwarte Streitheim, Markt Zusmarshausen",2026-04-16 00:25:00,9.65
"Benediktinerabtei St. Stephan, Augsburg",2026-04-16 01:25:00,10.13
"Königsplatz, Augsburg",2026-04-16 01:25:00,9.27
Grundschule Aystetten,2026-04-16 01:25:00,9.84
"Sternwarte Streitheim, Markt Zusmarshausen",2026-04-16 01:25:00,9.49
"Benediktinerabtei St. Stephan, Augsburg",2026-04-16 02:05:00,9.95
"Königsplatz, Augsburg",2026-04-16 02:05:00,9.27
Grundschule Aystetten,2026-04-16 02:05:00,9.82
"Sternwarte Streitheim, Markt Zusmarshausen",2026-04-16 02:05:00,9.59
"Benediktinerabtei St. Stephan, Augsburg",2026-04-16 05:45:00,9.58
"Königsplatz, Augsburg",2026-04-16 05:45:00,8.93
Grundschule Aystetten,2026-04-16 05:45:00,9.57
"Sternwarte Streitheim, Markt Zusmarshausen",2026-04-16 05:45:00,9.38
"Benediktinerabtei St. Stephan, Augsburg",2026-04-16 07:50:00,9.56
"Königsplatz, Augsburg",2026-04-16 07:50:00,9
Grundschule Aystetten,2026-04-16 07:50:00,9.66
"Sternwarte Streitheim, Markt Zusmarshausen",2026-04-16 07:50:00,9.57
"Benediktinerabtei St. Stephan, Augsburg",2026-04-16 09:55:00,11.75
"Königsplatz, Augsburg",2026-04-16 09:55:00,11.61
Grundschule Aystetten,2026-04-16 09:55:00,13.04
"Sternwarte Streitheim, Markt Zusmarshausen",2026-04-16 09:55:00,12.85
"Benediktinerabtei St. Stephan, Augsburg",2026-04-16 11:40:00,13.78
"Königsplatz, Augsburg",2026-04-16 11:40:00,13.04
Grundschule Aystetten,2026-04-16 11:40:00,14.85
"Sternwarte Streitheim, Markt Zusmarshausen",2026-04-16 11:40:00,16.06
"Benediktinerabtei St. Stephan, Augsburg",2026-04-16 12:50:00,19.17
"Königsplatz, Augsburg",2026-04-16 12:50:00,16.37
Grundschule Aystetten,2026-04-16 12:50:00,18.93
"Sternwarte Streitheim, Markt Zusmarshausen",2026-04-16 12:50:00,17.57
"Benediktinerabtei St. Stephan, Augsburg",2026-04-16 14:00:00,17.97
"Königsplatz, Augsburg",2026-04-16 13:50:00,18.87
Grundschule Aystetten,2026-04-16 14:00:00,17.56
"Sternwarte Streitheim, Markt Zusmarshausen",2026-04-16 14:00:00,18.4
"Benediktinerabtei St. Stephan, Augsburg",2026-04-16 16:10:00,18.86
Grundschule Aystetten,2026-04-16 16:10:00,19.32
"Sternwarte Streitheim, Markt Zusmarshausen",2026-04-16 16:10:00,18.18
"Benediktinerabtei St. Stephan, Augsburg",2026-04-16 17:55:00,18.05
Grundschule Aystetten,2026-04-16 17:55:00,18.04
"Sternwarte Streitheim, Markt Zusmarshausen",2026-04-16 17:55:00,17.19
"Benediktinerabtei St. Stephan, Augsburg",2026-04-16 19:35:00,15.84
Grundschule Aystetten,2026-04-16 19:35:00,16.12
"Sternwarte Streitheim, Markt Zusmarshausen",2026-04-16 19:35:00,15.55
"Benediktinerabtei St. Stephan, Augsburg",2026-04-16 20:45:00,14.64
Grundschule Aystetten,2026-04-16 20:45:00,13.02
"Sternwarte Streitheim, Markt Zusmarshausen",2026-04-16 20:45:00,13.63
"Benediktinerabtei St. Stephan, Augsburg",2026-04-16 21:55:00,12.42
Grundschule Aystetten,2026-04-16 21:55:00,9.96
"Sternwarte Streitheim, Markt Zusmarshausen",2026-04-16 21:55:00,11.76
"Benediktinerabtei St. Stephan, Augsburg",2026-04-16 22:55:00,10.96
Grundschule Aystetten,2026-04-16 22:55:00,7.93
"Sternwarte Streitheim, Markt Zusmarshausen",2026-04-16 22:55:00,10.07
"Benediktinerabtei St. Stephan, Augsburg",2026-04-16 23:50:00,9.82
Grundschule Aystetten,2026-04-16 23:50:00,6.92
"Sternwarte Streitheim, Markt Zusmarshausen",2026-04-16 23:50:00,8.66
"Benediktinerabtei St. Stephan, Augsburg",2026-04-17 00:50:00,8.96
Grundschule Aystetten,2026-04-17 00:50:00,5.95
"Sternwarte Streitheim, Markt Zusmarshausen",2026-04-17 00:50:00,7.78
"Benediktinerabtei St. Stephan, Augsburg",2026-04-17 01:50:00,8.15
Grundschule Aystetten,2026-04-17 01:50:00,5.15
"Sternwarte Streitheim, Markt Zusmarshausen",2026-04-17 01:50:00,6.63
"Benediktinerabtei St. Stephan, Augsburg",2026-04-17 05:25:00,6.25
"Königsplatz, Augsburg",2026-04-17 05:25:00,3.98
Grundschule Aystetten,2026-04-17 05:25:00,3.28
"Sternwarte Streitheim, Markt Zusmarshausen",2026-04-17 05:25:00,4.57
"Benediktinerabtei St. Stephan, Augsburg",2026-04-17 07:40:00,8.57
"Königsplatz, Augsburg",2026-04-17 07:40:00,9.92
Grundschule Aystetten,2026-04-17 07:40:00,4.59
"Sternwarte Streitheim, Markt Zusmarshausen",2026-04-17 07:40:00,7.19
"Benediktinerabtei St. Stephan, Augsburg",2026-04-17 09:10:00,14.3
"Königsplatz, Augsburg",2026-04-17 09:10:00,16.32
Grundschule Aystetten,2026-04-17 09:10:00,13.36
"Sternwarte Streitheim, Markt Zusmarshausen",2026-04-17 09:10:00,14.59
"Benediktinerabtei St. Stephan, Augsburg",2026-04-17 10:55:00,18
"Königsplatz, Augsburg",2026-04-17 10:55:00,17.52
Grundschule Aystetten,2026-04-17 10:55:00,17.85
"Sternwarte Streitheim, Markt Zusmarshausen",2026-04-17 10:55:00,16.61
"Benediktinerabtei St. Stephan, Augsburg",2026-04-17 12:20:00,20.81
"Königsplatz, Augsburg",2026-04-17 12:20:00,18.12
Grundschule Aystetten,2026-04-17 12:20:00,20.06
"Sternwarte Streitheim, Markt Zusmarshausen",2026-04-17 12:20:00,19.39
"Benediktinerabtei St. Stephan, Augsburg",2026-04-17 13:30:00,21.2
"Königsplatz, Augsburg",2026-04-17 13:30:00,19.92
Grundschule Aystetten,2026-04-17 13:30:00,21.48
"Sternwarte Streitheim, Markt Zusmarshausen",2026-04-17 13:30:00,19.59
"Benediktinerabtei St. Stephan, Augsburg",2026-04-17 14:40:00,22.06
"Königsplatz, Augsburg",2026-04-17 14:40:00,19.79
Grundschule Aystetten,2026-04-17 14:40:00,22.98
"Sternwarte Streitheim, Markt Zusmarshausen",2026-04-17 14:40:00,20.07
"Benediktinerabtei St. Stephan, Augsburg",2026-04-17 16:15:00,22.09
"Königsplatz, Augsburg",2026-04-17 16:15:00,21.11
Grundschule Aystetten,2026-04-17 16:15:00,21.56
"Sternwarte Streitheim, Markt Zusmarshausen",2026-04-17 16:15:00,21.64
"Benediktinerabtei St. Stephan, Augsburg",2026-04-17 17:30:00,22.04
"Königsplatz, Augsburg",2026-04-17 17:30:00,21.19
Grundschule Aystetten,2026-04-17 17:30:00,22.13
"Sternwarte Streitheim, Markt Zusmarshausen",2026-04-17 17:30:00,19.46
"Benediktinerabtei St. Stephan, Augsburg",2026-04-17 18:30:00,21.05
"Königsplatz, Augsburg",2026-04-17 18:30:00,19.42
Grundschule Aystetten,2026-04-17 18:30:00,21.21
"Sternwarte Streitheim, Markt Zusmarshausen",2026-04-17 18:30:00,18.02
"Benediktinerabtei St. Stephan, Augsburg",2026-04-17 19:30:00,18.36
"Königsplatz, Augsburg",2026-04-17 19:30:00,18.43
Grundschule Aystetten,2026-04-17 19:30:00,17.81
"Sternwarte Streitheim, Markt Zusmarshausen",2026-04-17 19:30:00,17.95
"Benediktinerabtei St. Stephan, Augsburg",2026-04-17 20:30:00,15.91
"Königsplatz, Augsburg",2026-04-17 20:35:00,14.94
Grundschule Aystetten,2026-04-17 20:35:00,12.27
"Sternwarte Streitheim, Markt Zusmarshausen",2026-04-17 20:35:00,16.08
"Benediktinerabtei St. Stephan, Augsburg",2026-04-17 21:40:00,14.01
"Königsplatz, Augsburg",2026-04-17 21:40:00,11.66
Grundschule Aystetten,2026-04-17 21:40:00,10
"Sternwarte Streitheim, Markt Zusmarshausen",2026-04-17 21:40:00,12.95
"Benediktinerabtei St. Stephan, Augsburg",2026-04-17 22:30:00,12.53
"Königsplatz, Augsburg",2026-04-17 22:30:00,10.54
Grundschule Aystetten,2026-04-17 22:30:00,8.91
"Sternwarte Streitheim, Markt Zusmarshausen",2026-04-17 22:30:00,10.95
"Benediktinerabtei St. Stephan, Augsburg",2026-04-17 23:25:00,11.54
"Königsplatz, Augsburg",2026-04-17 23:25:00,9.41
Grundschule Aystetten,2026-04-17 23:25:00,7.97
"Sternwarte Streitheim, Markt Zusmarshausen",2026-04-17 23:25:00,11.46
"Benediktinerabtei St. Stephan, Augsburg",2026-04-18 00:05:00,10.73
"Königsplatz, Augsburg",2026-04-18 00:05:00,8.76
Grundschule Aystetten,2026-04-18 00:05:00,7.27
"Sternwarte Streitheim, Markt Zusmarshausen",2026-04-18 00:05:00,8.82
"Benediktinerabtei St. Stephan, Augsburg",2026-04-18 01:00:00,9.79
"Königsplatz, Augsburg",2026-04-18 01:00:00,7.96
Grundschule Aystetten,2026-04-18 01:00:00,6.79
"Sternwarte Streitheim, Markt Zusmarshausen",2026-04-18 01:00:00,8.31
"Benediktinerabtei St. Stephan, Augsburg",2026-04-18 01:50:00,9.35
"Königsplatz, Augsburg",2026-04-18 01:55:00,7.06
Grundschule Aystetten,2026-04-18 01:50:00,6.15
"Sternwarte Streitheim, Markt Zusmarshausen",2026-04-18 01:55:00,7.99
"Benediktinerabtei St. Stephan, Augsburg",2026-04-18 04:55:00,8.02
"Königsplatz, Augsburg",2026-04-18 04:55:00,5.48
Grundschule Aystetten,2026-04-18 04:55:00,5.2
"Sternwarte Streitheim, Markt Zusmarshausen",2026-04-18 04:55:00,5.53
"Benediktinerabtei St. Stephan, Augsburg",2026-04-18 07:10:00,8.07
"Königsplatz, Augsburg",2026-04-18 07:15:00,7.13
Grundschule Aystetten,2026-04-18 07:10:00,4.7
"Sternwarte Streitheim, Markt Zusmarshausen",2026-04-18 07:15:00,5.53
"Benediktinerabtei St. Stephan, Augsburg",2026-04-18 08:40:00,12.34
"Königsplatz, Augsburg",2026-04-18 08:40:00,14.63
Grundschule Aystetten,2026-04-18 08:40:00,11.59
"Sternwarte Streitheim, Markt Zusmarshausen",2026-04-18 08:40:00,12.42
"Benediktinerabtei St. Stephan, Augsburg",2026-04-18 09:45:00,16.59
"Königsplatz, Augsburg",2026-04-18 09:50:00,20.83
Grundschule Aystetten,2026-04-18 09:45:00,16.98
"Sternwarte Streitheim, Markt Zusmarshausen",2026-04-18 09:50:00,16.71
"Benediktinerabtei St. Stephan, Augsburg",2026-04-18 10:35:00,20.55
"Königsplatz, Augsburg",2026-04-18 10:35:00,20.72
Grundschule Aystetten,2026-04-18 10:35:00,19.71
"Sternwarte Streitheim, Markt Zusmarshausen",2026-04-18 10:35:00,19.92
"Benediktinerabtei St. Stephan, Augsburg",2026-04-18 11:30:00,23.42
"Königsplatz, Augsburg",2026-04-18 11:30:00,20.98
Grundschule Aystetten,2026-04-18 11:30:00,21.58
"Sternwarte Streitheim, Markt Zusmarshausen",2026-04-18 11:35:00,21.46
"Benediktinerabtei St. Stephan, Augsburg",2026-04-18 12:25:00,23.89
"Königsplatz, Augsburg",2026-04-18 12:25:00,21.01
Grundschule Aystetten,2026-04-18 12:25:00,23.03
"Sternwarte Streitheim, Markt Zusmarshausen",2026-04-18 12:25:00,22.29
"Benediktinerabtei St. Stephan, Augsburg",2026-04-18 13:05:00,23.18
"Königsplatz, Augsburg",2026-04-18 13:10:00,21.4
Grundschule Aystetten,2026-04-18 13:05:00,23.41
"Sternwarte Streitheim, Markt Zusmarshausen",2026-04-18 13:10:00,22.82
"Benediktinerabtei St. Stephan, Augsburg",2026-04-18 13:50:00,24.25
"Königsplatz, Augsburg",2026-04-18 13:50:00,23.25
Grundschule Aystetten,2026-04-18 13:50:00,22.57
"Sternwarte Streitheim, Markt Zusmarshausen",2026-04-18 13:50:00,21.66
"Benediktinerabtei St. Stephan, Augsburg",2026-04-18 15:15:00,23.44
"Königsplatz, Augsburg",2026-04-18 15:15:00,21.19
Grundschule Aystetten,2026-04-18 15:15:00,23.36
"Sternwarte Streitheim, Markt Zusmarshausen",2026-04-18 15:15:00,22.7
"Benediktinerabtei St. Stephan, Augsburg",2026-04-18 16:05:00,24.98
"Königsplatz, Augsburg",2026-04-18 16:05:00,24.5
Grundschule Aystetten,2026-04-18 16:05:00,22.98
"Sternwarte Streitheim, Markt Zusmarshausen",2026-04-18 16:05:00,21.71
"Benediktinerabtei St. Stephan, Augsburg",2026-04-18 16:55:00,24.64
"Königsplatz, Augsburg",2026-04-18 16:55:00,23.43
Grundschule Aystetten,2026-04-18 16:55:00,23.79
"Sternwarte Streitheim, Markt Zusmarshausen",2026-04-18 16:55:00,21.96
"Benediktinerabtei St. Stephan, Augsburg",2026-04-18 17:45:00,23.99
"Königsplatz, Augsburg",2026-04-18 17:45:00,23.28
Grundschule Aystetten,2026-04-18 17:45:00,23.26
"Sternwarte Streitheim, Markt Zusmarshausen",2026-04-18 17:45:00,23.3
"Benediktinerabtei St. Stephan, Augsburg",2026-04-18 18:25:00,21.26
"Königsplatz, Augsburg",2026-04-18 18:25:00,20.26
Grundschule Aystetten,2026-04-18 18:25:00,21.49
"Sternwarte Streitheim, Markt Zusmarshausen",2026-04-18 18:25:00,20
"Benediktinerabtei St. Stephan, Augsburg",2026-04-18 19:05:00,20.14
"Königsplatz, Augsburg",2026-04-18 19:05:00,19.84
Grundschule Aystetten,2026-04-18 19:05:00,19.96
"Sternwarte Streitheim, Markt Zusmarshausen",2026-04-18 19:05:00,19.64
"Benediktinerabtei St. Stephan, Augsburg",2026-04-18 19:50:00,19.2
"Königsplatz, Augsburg",2026-04-18 19:50:00,19.03
Grundschule Aystetten,2026-04-18 19:50:00,16.81
"Sternwarte Streitheim, Markt Zusmarshausen",2026-04-18 19:50:00,18.23
"Benediktinerabtei St. Stephan, Augsburg",2026-04-18 21:00:00,16.15
"Königsplatz, Augsburg",2026-04-18 21:00:00,15.59
Grundschule Aystetten,2026-04-18 21:00:00,12.96
"Sternwarte Streitheim, Markt Zusmarshausen",2026-04-18 21:00:00,15
"Benediktinerabtei St. Stephan, Augsburg",2026-04-18 21:50:00,14.85
"Königsplatz, Augsburg",2026-04-18 21:50:00,13.3
Grundschule Aystetten,2026-04-18 21:50:00,11.43
"Sternwarte Streitheim, Markt Zusmarshausen",2026-04-18 21:50:00,14.44
"Benediktinerabtei St. Stephan, Augsburg",2026-04-18 22:45:00,13.96
"Königsplatz, Augsburg",2026-04-18 22:45:00,12.03
Grundschule Aystetten,2026-04-18 22:45:00,10.07
"Sternwarte Streitheim, Markt Zusmarshausen",2026-04-18 22:45:00,12.17
"Benediktinerabtei St. Stephan, Augsburg",2026-04-18 23:20:00,13.52
"Königsplatz, Augsburg",2026-04-18 23:20:00,11.04
Grundschule Aystetten,2026-04-18 23:20:00,9.74
"Sternwarte Streitheim, Markt Zusmarshausen",2026-04-18 23:20:00,12.39
"Benediktinerabtei St. Stephan, Augsburg",2026-04-19 00:00:00,12.97
"Königsplatz, Augsburg",2026-04-19 00:00:00,11.06
Grundschule Aystetten,2026-04-19 00:00:00,10.14
"Sternwarte Streitheim, Markt Zusmarshausen",2026-04-19 00:00:00,11.01
"Benediktinerabtei St. Stephan, Augsburg",2026-04-19 00:50:00,13.18
"Königsplatz, Augsburg",2026-04-19 00:55:00,11.06
Grundschule Aystetten,2026-04-19 00:50:00,10.04
"Sternwarte Streitheim, Markt Zusmarshausen",2026-04-19 00:55:00,11.11
"Benediktinerabtei St. Stephan, Augsburg",2026-04-19 01:40:00,12.79
"Königsplatz, Augsburg",2026-04-19 01:40:00,10.78
Grundschule Aystetten,2026-04-19 01:40:00,9.78
"Sternwarte Streitheim, Markt Zusmarshausen",2026-04-19 01:40:00,9.94
"Benediktinerabtei St. Stephan, Augsburg",2026-04-19 03:10:00,11.35
"Königsplatz, Augsburg",2026-04-19 03:10:00,9.87
Grundschule Aystetten,2026-04-19 03:10:00,8.38
"Sternwarte Streitheim, Markt Zusmarshausen",2026-04-19 03:10:00,8.63
"Benediktinerabtei St. Stephan, Augsburg",2026-04-19 06:25:00,10
"Königsplatz, Augsburg",2026-04-19 06:25:00,8.27
Grundschule Aystetten,2026-04-19 06:25:00,8.82
"Sternwarte Streitheim, Markt Zusmarshausen",2026-04-19 06:25:00,8.74
"Benediktinerabtei St. Stephan, Augsburg",2026-04-19 08:15:00,11.77
"Königsplatz, Augsburg",2026-04-19 08:15:00,11.01
Grundschule Aystetten,2026-04-19 08:15:00,11.6
"Sternwarte Streitheim, Markt Zusmarshausen",2026-04-19 08:15:00,10.9
"Benediktinerabtei St. Stephan, Augsburg",2026-04-19 09:50:00,14.56
"Königsplatz, Augsburg",2026-04-19 09:50:00,14.24
Grundschule Aystetten,2026-04-19 09:50:00,14.56
"Sternwarte Streitheim, Markt Zusmarshausen",2026-04-19 09:50:00,13.78
"Benediktinerabtei St. Stephan, Augsburg",2026-04-19 11:00:00,17.76
"Königsplatz, Augsburg",2026-04-19 11:00:00,16.19
Grundschule Aystetten,2026-04-19 11:00:00,16.73
"Sternwarte Streitheim, Markt Zusmarshausen",2026-04-19 11:00:00,15.65
"Benediktinerabtei St. Stephan, Augsburg",2026-04-19 12:00:00,16.46
"Königsplatz, Augsburg",2026-04-19 12:00:00,13.54
Grundschule Aystetten,2026-04-19 12:00:00,15.41
"Sternwarte Streitheim, Markt Zusmarshausen",2026-04-19 12:00:00,14.94
"Benediktinerabtei St. Stephan, Augsburg",2026-04-19 12:55:00,16.9
"Königsplatz, Augsburg",2026-04-19 12:55:00,14.89
Grundschule Aystetten,2026-04-19 12:55:00,15.68
"Sternwarte Streitheim, Markt Zusmarshausen",2026-04-19 12:55:00,15.27
"Benediktinerabtei St. Stephan, Augsburg",2026-04-19 13:40:00,16.44
"Königsplatz, Augsburg",2026-04-19 13:40:00,14.63
Grundschule Aystetten,2026-04-19 13:40:00,15.58
"Sternwarte Streitheim, Markt Zusmarshausen",2026-04-19 13:40:00,15.85
"Benediktinerabtei St. Stephan, Augsburg",2026-04-19 14:25:00,16.28
"Königsplatz, Augsburg",2026-04-19 14:25:00,14.6
Grundschule Aystetten,2026-04-19 14:25:00,16.18
"Sternwarte Streitheim, Markt Zusmarshausen",2026-04-19 14:25:00,14.74
"Benediktinerabtei St. Stephan, Augsburg",2026-04-19 15:40:00,18.23
"Königsplatz, Augsburg",2026-04-19 15:40:00,15.05
Grundschule Aystetten,2026-04-19 15:40:00,16.89
"Sternwarte Streitheim, Markt Zusmarshausen",2026-04-19 15:40:00,15.78
"Benediktinerabtei St. Stephan, Augsburg",2026-04-19 16:30:00,16.51
"Königsplatz, Augsburg",2026-04-19 16:30:00,13.95
Grundschule Aystetten,2026-04-19 16:30:00,15.06
"Sternwarte Streitheim, Markt Zusmarshausen",2026-04-19 16:30:00,15.02
"Benediktinerabtei St. Stephan, Augsburg",2026-04-19 17:20:00,17.35
"Königsplatz, Augsburg",2026-04-19 17:20:00,14.76
Grundschule Aystetten,2026-04-19 17:20:00,16.19
"Sternwarte Streitheim, Markt Zusmarshausen",2026-04-19 17:20:00,14.57
"Benediktinerabtei St. Stephan, Augsburg",2026-04-19 18:00:00,14.9
"Königsplatz, Augsburg",2026-04-19 18:00:00,14.32
Grundschule Aystetten,2026-04-19 18:00:00,14.18
"Sternwarte Streitheim, Markt Zusmarshausen",2026-04-19 18:00:00,14.57
"Benediktinerabtei St. Stephan, Augsburg",2026-04-19 18:55:00,14.14
"Königsplatz, Augsburg",2026-04-19 18:55:00,12.26
Grundschule Aystetten,2026-04-19 18:55:00,13.4
"Sternwarte Streitheim, Markt Zusmarshausen",2026-04-19 18:55:00,12.85
"Benediktinerabtei St. Stephan, Augsburg",2026-04-19 19:45:00,11.48
"Königsplatz, Augsburg",2026-04-19 19:45:00,10.88
Grundschule Aystetten,2026-04-19 19:45:00,11.68
"Sternwarte Streitheim, Markt Zusmarshausen",2026-04-19 19:45:00,11.99
"Benediktinerabtei St. Stephan, Augsburg",2026-04-19 20:25:00,10.13
"Königsplatz, Augsburg",2026-04-19 20:25:00,9.97
Grundschule Aystetten,2026-04-19 20:25:00,10.56
"Sternwarte Streitheim, Markt Zusmarshausen",2026-04-19 20:25:00,10.35
"Benediktinerabtei St. Stephan, Augsburg",2026-04-19 21:25:00,8.91
"Königsplatz, Augsburg",2026-04-19 21:25:00,8.88
Grundschule Aystetten,2026-04-19 21:25:00,6.97
"Sternwarte Streitheim, Markt Zusmarshausen",2026-04-19 21:25:00,8.39
"Benediktinerabtei St. Stephan, Augsburg",2026-04-19 22:00:00,8.38
"Königsplatz, Augsburg",2026-04-19 22:00:00,8.27
Grundschule Aystetten,2026-04-19 22:00:00,5.74
"Sternwarte Streitheim, Markt Zusmarshausen",2026-04-19 22:00:00,7.78
"Benediktinerabtei St. Stephan, Augsburg",2026-04-19 22:50:00,7.94
"Königsplatz, Augsburg",2026-04-19 22:50:00,7.28
Grundschule Aystetten,2026-04-19 22:50:00,4.53
"Sternwarte Streitheim, Markt Zusmarshausen",2026-04-19 22:50:00,6.47
"Benediktinerabtei St. Stephan, Augsburg",2026-04-19 23:40:00,7.55
"Königsplatz, Augsburg",2026-04-19 23:40:00,6.01
Grundschule Aystetten,2026-04-19 23:40:00,3.71
"Sternwarte Streitheim, Markt Zusmarshausen",2026-04-19 23:40:00,4.89
"Benediktinerabtei St. Stephan, Augsburg",2026-04-20 00:15:00,7.37
"Königsplatz, Augsburg",2026-04-20 00:20:00,5.29
Grundschule Aystetten,2026-04-20 00:20:00,3.19
"Sternwarte Streitheim, Markt Zusmarshausen",2026-04-20 00:20:00,4.11
"Benediktinerabtei St. Stephan, Augsburg",2026-04-20 01:00:00,6.82
"Königsplatz, Augsburg",2026-04-20 01:00:00,4.9
Grundschule Aystetten,2026-04-20 01:00:00,2.9
"Sternwarte Streitheim, Markt Zusmarshausen",2026-04-20 01:00:00,4.7
"Benediktinerabtei St. Stephan, Augsburg",2026-04-20 01:50:00,6.35
"Königsplatz, Augsburg",2026-04-20 01:50:00,3.98
Grundschule Aystetten,2026-04-20 01:50:00,2.49
"Sternwarte Streitheim, Markt Zusmarshausen",2026-04-20 01:50:00,2.75
"Benediktinerabtei St. Stephan, Augsburg",2026-04-20 05:30:00,4.06
"Königsplatz, Augsburg",2026-04-20 05:35:00,1.11
Grundschule Aystetten,2026-04-20 05:35:00,0.47
"Sternwarte Streitheim, Markt Zusmarshausen",2026-04-20 05:35:00,0.45
"Benediktinerabtei St. Stephan, Augsburg",2026-04-20 08:00:00,7.06
"Königsplatz, Augsburg",2026-04-20 08:00:00,11.01
Grundschule Aystetten,2026-04-20 08:00:00,4.78
"Sternwarte Streitheim, Markt Zusmarshausen",2026-04-20 08:00:00,6.01
"Benediktinerabtei St. Stephan, Augsburg",2026-04-20 10:25:00,13.13
"Königsplatz, Augsburg",2026-04-20 10:25:00,11.4
Grundschule Aystetten,2026-04-20 10:25:00,11.19
"Sternwarte Streitheim, Markt Zusmarshausen",2026-04-20 10:25:00,11.56
"Benediktinerabtei St. Stephan, Augsburg",2026-04-20 12:15:00,13.39
"Königsplatz, Augsburg",2026-04-20 12:15:00,11.53
Grundschule Aystetten,2026-04-20 12:15:00,13.2
"Sternwarte Streitheim, Markt Zusmarshausen",2026-04-20 12:15:00,13.18
"Benediktinerabtei St. Stephan, Augsburg",2026-04-20 13:45:00,15.03
"Königsplatz, Augsburg",2026-04-20 13:45:00,12.68
Grundschule Aystetten,2026-04-20 13:45:00,14.47
"Sternwarte Streitheim, Markt Zusmarshausen",2026-04-20 13:45:00,13.4
"Benediktinerabtei St. Stephan, Augsburg",2026-04-20 15:00:00,15.39
"Königsplatz, Augsburg",2026-04-20 15:00:00,12.47
Grundschule Aystetten,2026-04-20 15:00:00,12.97
"Sternwarte Streitheim, Markt Zusmarshausen",2026-04-20 15:00:00,13.25
"Benediktinerabtei St. Stephan, Augsburg",2026-04-20 16:55:00,15.68
"Königsplatz, Augsburg",2026-04-20 16:55:00,13.72
Grundschule Aystetten,2026-04-20 16:55:00,14.17
"Sternwarte Streitheim, Markt Zusmarshausen",2026-04-20 16:55:00,14.34
"Benediktinerabtei St. Stephan, Augsburg",2026-04-20 18:15:00,14.22
"Königsplatz, Augsburg",2026-04-20 18:15:00,12.29
Grundschule Aystetten,2026-04-20 18:15:00,12.72
"Sternwarte Streitheim, Markt Zusmarshausen",2026-04-20 18:15:00,12.75
"Benediktinerabtei St. Stephan, Augsburg",2026-04-20 19:30:00,11.04
"Königsplatz, Augsburg",2026-04-20 19:30:00,10.36
Grundschule Aystetten,2026-04-20 19:30:00,10.73
"Sternwarte Streitheim, Markt Zusmarshausen",2026-04-20 19:30:00,10.32
"Benediktinerabtei St. Stephan, Augsburg",2026-04-20 20:40:00,9.17
"Königsplatz, Augsburg",2026-04-20 20:40:00,8.51
Grundschule Aystetten,2026-04-20 20:40:00,8.8
"Sternwarte Streitheim, Markt Zusmarshausen",2026-04-20 20:40:00,8.76
"Benediktinerabtei St. Stephan, Augsburg",2026-04-20 21:50:00,8.12
"Königsplatz, Augsburg",2026-04-20 21:50:00,7.28
Grundschule Aystetten,2026-04-20 21:50:00,5.86
"Sternwarte Streitheim, Markt Zusmarshausen",2026-04-20 21:50:00,7.24
"Benediktinerabtei St. Stephan, Augsburg",2026-04-20 22:55:00,7.32
"Königsplatz, Augsburg",2026-04-20 22:55:00,5.55
Grundschule Aystetten,2026-04-20 22:55:00,3.43
"Sternwarte Streitheim, Markt Zusmarshausen",2026-04-20 22:55:00,6.47
"Benediktinerabtei St. Stephan, Augsburg",2026-04-20 23:55:00,6.17
"Königsplatz, Augsburg",2026-04-20 23:55:00,4.32
Grundschule Aystetten,2026-04-20 23:55:00,3.28
"Sternwarte Streitheim, Markt Zusmarshausen",2026-04-20 23:55:00,4.46
"Benediktinerabtei St. Stephan, Augsburg",2026-04-21 00:50:00,5.73
"Königsplatz, Augsburg",2026-04-21 00:55:00,4.22
Grundschule Aystetten,2026-04-21 00:55:00,2.38
"Sternwarte Streitheim, Markt Zusmarshausen",2026-04-21 00:55:00,3.39
"Benediktinerabtei St. Stephan, Augsburg",2026-04-21 01:50:00,5.57
"Königsplatz, Augsburg",2026-04-21 01:50:00,4.24
Grundschule Aystetten,2026-04-21 01:50:00,2.31
"Sternwarte Streitheim, Markt Zusmarshausen",2026-04-21 01:50:00,4.46
"Benediktinerabtei St. Stephan, Augsburg",2026-04-21 05:25:00,2.99
"Königsplatz, Augsburg",2026-04-21 05:25:00,2.69
Grundschule Aystetten,2026-04-21 05:25:00,0.1
"Sternwarte Streitheim, Markt Zusmarshausen",2026-04-21 05:25:00,0.8
"Benediktinerabtei St. Stephan, Augsburg",2026-04-21 07:40:00,4.32
"Königsplatz, Augsburg",2026-04-21 07:40:00,5.55
Grundschule Aystetten,2026-04-21 07:40:00,1.56
"Sternwarte Streitheim, Markt Zusmarshausen",2026-04-21 07:40:00,2.51
"Benediktinerabtei St. Stephan, Augsburg",2026-04-21 09:15:00,6.25
"Königsplatz, Augsburg",2026-04-21 09:15:00,5.24
Grundschule Aystetten,2026-04-21 09:15:00,6.25
"Sternwarte Streitheim, Markt Zusmarshausen",2026-04-21 09:15:00,5.29
"Benediktinerabtei St. Stephan, Augsburg",2026-04-21 11:05:00,7.37
"Königsplatz, Augsburg",2026-04-21 11:10:00,7.59
Grundschule Aystetten,2026-04-21 11:05:00,7.91
"Sternwarte Streitheim, Markt Zusmarshausen",2026-04-21 11:10:00,7.56
"Benediktinerabtei St. Stephan, Augsburg",2026-04-21 12:45:00,7.79
"Königsplatz, Augsburg",2026-04-21 12:45:00,7.71
Grundschule Aystetten,2026-04-21 12:45:00,9.55
"Sternwarte Streitheim, Markt Zusmarshausen",2026-04-21 12:45:00,9.75
"Benediktinerabtei St. Stephan, Augsburg",2026-04-21 13:45:00,10.52
"Königsplatz, Augsburg",2026-04-21 13:50:00,9.17
Grundschule Aystetten,2026-04-21 13:45:00,9.72
"Sternwarte Streitheim, Markt Zusmarshausen",2026-04-21 13:50:00,8.85
"Benediktinerabtei St. Stephan, Augsburg",2026-04-21 15:00:00,9.66
"Königsplatz, Augsburg",2026-04-21 15:00:00,8.44
Grundschule Aystetten,2026-04-21 15:00:00,11.18
"Sternwarte Streitheim, Markt Zusmarshausen",2026-04-21 15:00:00,8.93
"Benediktinerabtei St. Stephan, Augsburg",2026-04-21 16:50:00,10.34
"Königsplatz, Augsburg",2026-04-21 16:50:00,9.46
Grundschule Aystetten,2026-04-21 16:50:00,10.52
"Sternwarte Streitheim, Markt Zusmarshausen",2026-04-21 16:50:00,9.22
"Benediktinerabtei St. Stephan, Augsburg",2026-04-21 18:15:00,10.55
"Königsplatz, Augsburg",2026-04-21 18:15:00,9.51
Grundschule Aystetten,2026-04-21 18:15:00,11.43
"Sternwarte Streitheim, Markt Zusmarshausen",2026-04-21 18:15:00,9.67
"Benediktinerabtei St. Stephan, Augsburg",2026-04-21 19:30:00,9.3
"Königsplatz, Augsburg",2026-04-21 19:30:00,8.76
Grundschule Aystetten,2026-04-21 19:30:00,10.41
"Sternwarte Streitheim, Markt Zusmarshausen",2026-04-21 19:30:00,9.17
"Benediktinerabtei St. Stephan, Augsburg",2026-04-21 20:40:00,7.86
"Königsplatz, Augsburg",2026-04-21 20:40:00,7.16
Grundschule Aystetten,2026-04-21 20:40:00,8.35
"Sternwarte Streitheim, Markt Zusmarshausen",2026-04-21 20:45:00,6.6
"Benediktinerabtei St. Stephan, Augsburg",2026-04-21 21:55:00,7.08
"Königsplatz, Augsburg",2026-04-21 21:55:00,6.18
Grundschule Aystetten,2026-04-21 21:55:00,7.16
"Sternwarte Streitheim, Markt Zusmarshausen",2026-04-21 21:55:00,5.48
"Benediktinerabtei St. Stephan, Augsburg",2026-04-21 22:55:00,7.11
"Königsplatz, Augsburg",2026-04-21 23:00:00,6.14
Grundschule Aystetten,2026-04-21 23:00:00,5.98
"Sternwarte Streitheim, Markt Zusmarshausen",2026-04-21 23:00:00,4.83
"Benediktinerabtei St. Stephan, Augsburg",2026-04-21 23:55:00,6.09
"Königsplatz, Augsburg",2026-04-21 23:55:00,5.16
Grundschule Aystetten,2026-04-21 23:55:00,4.89
"Sternwarte Streitheim, Markt Zusmarshausen",2026-04-21 23:55:00,3.76
"Benediktinerabtei St. Stephan, Augsburg",2026-04-22 00:45:00,5.08
"Königsplatz, Augsburg",2026-04-22 00:50:00,4.07
Grundschule Aystetten,2026-04-22 00:45:00,4.05
"Sternwarte Streitheim, Markt Zusmarshausen",2026-04-22 00:50:00,3.36
"Benediktinerabtei St. Stephan, Augsburg",2026-04-22 01:25:00,4.63
"Königsplatz, Augsburg",2026-04-22 01:25:00,3.61
Grundschule Aystetten,2026-04-22 01:25:00,3.07
"Sternwarte Streitheim, Markt Zusmarshausen",2026-04-22 01:25:00,2.83
"Benediktinerabtei St. Stephan, Augsburg",2026-04-22 02:00:00,4.27
"Königsplatz, Augsburg",2026-04-22 02:05:00,3.13
Grundschule Aystetten,2026-04-22 02:00:00,2.74
"Sternwarte Streitheim, Markt Zusmarshausen",2026-04-22 02:05:00,2.67
"Benediktinerabtei St. Stephan, Augsburg",2026-04-22 05:40:00,2.26
"Königsplatz, Augsburg",2026-04-22 05:40:00,0.89
Grundschule Aystetten,2026-04-22 05:40:00,0.03
"Sternwarte Streitheim, Markt Zusmarshausen",2026-04-22 05:40:00,1.52
"Benediktinerabtei St. Stephan, Augsburg",2026-04-22 07:50:00,3.96
"Königsplatz, Augsburg",2026-04-22 07:50:00,5.58
Grundschule Aystetten,2026-04-22 07:50:00,3.05
"Sternwarte Streitheim, Markt Zusmarshausen",2026-04-22 07:50:00,3.63
"Benediktinerabtei St. Stephan, Augsburg",2026-04-22 09:55:00,9.45
"Königsplatz, Augsburg",2026-04-22 09:55:00,9.82
Grundschule Aystetten,2026-04-22 09:55:00,9.84
"Sternwarte Streitheim, Markt Zusmarshausen",2026-04-22 09:55:00,8.63
"Benediktinerabtei St. Stephan, Augsburg",2026-04-22 11:45:00,12.97
"Königsplatz, Augsburg",2026-04-22 11:45:00,10.15
Grundschule Aystetten,2026-04-22 11:45:00,12.63
"Sternwarte Streitheim, Markt Zusmarshausen",2026-04-22 11:45:00,11.76
"Benediktinerabtei St. Stephan, Augsburg",2026-04-22 12:50:00,14.3
"Königsplatz, Augsburg",2026-04-22 12:50:00,11.43
Grundschule Aystetten,2026-04-22 12:50:00,13.51
"Sternwarte Streitheim, Markt Zusmarshausen",2026-04-22 12:50:00,12.37
"Benediktinerabtei St. Stephan, Augsburg",2026-04-22 14:00:00,13.83
"Königsplatz, Augsburg",2026-04-22 14:00:00,13.12
Grundschule Aystetten,2026-04-22 14:00:00,14.51
"Sternwarte Streitheim, Markt Zusmarshausen",2026-04-22 14:00:00,12.92
"Benediktinerabtei St. Stephan, Augsburg",2026-04-22 16:05:00,15.68
"Königsplatz, Augsburg",2026-04-22 16:05:00,14.47
Grundschule Aystetten,2026-04-22 16:05:00,16.38
"Sternwarte Streitheim, Markt Zusmarshausen",2026-04-22 16:05:00,14.09
"Benediktinerabtei St. Stephan, Augsburg",2026-04-22 17:40:00,15.45
"Königsplatz, Augsburg",2026-04-22 16:35:00,13.8
Grundschule Aystetten,2026-04-22 17:40:00,16.66
"Sternwarte Streitheim, Markt Zusmarshausen",2026-04-22 17:40:00,13.63
"Benediktinerabtei St. Stephan, Augsburg",2026-04-22 18:45:00,14.74
Grundschule Aystetten,2026-04-22 18:45:00,14.98
"Sternwarte Streitheim, Markt Zusmarshausen",2026-04-22 18:45:00,13.33
"Benediktinerabtei St. Stephan, Augsburg",2026-04-22 19:45:00,12.03
Grundschule Aystetten,2026-04-22 19:45:00,12.73
"Sternwarte Streitheim, Markt Zusmarshausen",2026-04-22 19:45:00,12.17
"Benediktinerabtei St. Stephan, Augsburg",2026-04-22 20:50:00,9.19
Grundschule Aystetten,2026-04-22 20:50:00,7.8
"Sternwarte Streitheim, Markt Zusmarshausen",2026-04-22 20:50:00,10.1
"Benediktinerabtei St. Stephan, Augsburg",2026-04-22 22:05:00,7.89
Grundschule Aystetten,2026-04-22 22:10:00,4.41
"Sternwarte Streitheim, Markt Zusmarshausen",2026-04-22 22:05:00,6.55
"Benediktinerabtei St. Stephan, Augsburg",2026-04-22 23:10:00,6.98
Grundschule Aystetten,2026-04-22 23:10:00,3.25
"Sternwarte Streitheim, Markt Zusmarshausen",2026-04-22 23:10:00,5.18
"Benediktinerabtei St. Stephan, Augsburg",2026-04-23 00:05:00,6.4
Grundschule Aystetten,2026-04-23 00:05:00,2.46
"Sternwarte Streitheim, Markt Zusmarshausen",2026-04-23 00:05:00,3.87
"Benediktinerabtei St. Stephan, Augsburg",2026-04-23 01:05:00,5.23
Grundschule Aystetten,2026-04-23 01:05:00,1.47
"Sternwarte Streitheim, Markt Zusmarshausen",2026-04-23 01:05:00,2.91
"Benediktinerabtei St. Stephan, Augsburg",2026-04-23 02:00:00,5
Grundschule Aystetten,2026-04-23 02:00:00,0.88
"Sternwarte Streitheim, Markt Zusmarshausen",2026-04-23 02:00:00,2.19
"Benediktinerabtei St. Stephan, Augsburg",2026-04-23 05:45:00,2.97
Grundschule Aystetten,2026-04-23 05:45:00,0.86
"Sternwarte Streitheim, Markt Zusmarshausen",2026-04-23 05:45:00,0.69
"Benediktinerabtei St. Stephan, Augsburg",2026-04-23 07:55:00,6.07
Grundschule Aystetten,2026-04-23 07:55:00,3.94
"Sternwarte Streitheim, Markt Zusmarshausen",2026-04-23 07:55:00,4.91
"Benediktinerabtei St. Stephan, Augsburg",2026-04-23 10:05:00,13.57
Grundschule Aystetten,2026-04-23 10:05:00,13.59
"Sternwarte Streitheim, Markt Zusmarshausen",2026-04-23 10:05:00,13.66
"Benediktinerabtei St. Stephan, Augsburg",2026-04-23 11:55:00,18.13
Grundschule Aystetten,2026-04-23 11:55:00,15.67
"Sternwarte Streitheim, Markt Zusmarshausen",2026-04-23 11:55:00,15.25
"Benediktinerabtei St. Stephan, Augsburg",2026-04-23 13:15:00,19.95
Grundschule Aystetten,2026-04-23 13:15:00,18.5
"Sternwarte Streitheim, Markt Zusmarshausen",2026-04-23 13:15:00,17.49
"Benediktinerabtei St. Stephan, Augsburg",2026-04-23 14:10:00,20.89
Grundschule Aystetten,2026-04-23 14:10:00,19.46
"Sternwarte Streitheim, Markt Zusmarshausen",2026-04-23 14:10:00,17.62
"Benediktinerabtei St. Stephan, Augsburg",2026-04-23 16:15:00,22.01
Grundschule Aystetten,2026-04-23 16:15:00,20.01
"Sternwarte Streitheim, Markt Zusmarshausen",2026-04-23 16:15:00,19.14
"Benediktinerabtei St. Stephan, Augsburg",2026-04-23 18:10:00,19.43
Grundschule Aystetten,2026-04-23 18:10:00,19.71
"Sternwarte Streitheim, Markt Zusmarshausen",2026-04-23 18:10:00,18.2
"Benediktinerabtei St. Stephan, Augsburg",2026-04-23 19:50:00,15.5
Grundschule Aystetten,2026-04-23 19:50:00,15.45
"Sternwarte Streitheim, Markt Zusmarshausen",2026-04-23 19:50:00,16.28
"Benediktinerabtei St. Stephan, Augsburg",2026-04-23 21:20:00,11.35
Grundschule Aystetten,2026-04-23 21:20:00,7.56
"Sternwarte Streitheim, Markt Zusmarshausen",2026-04-23 21:20:00,10.37
"Benediktinerabtei St. Stephan, Augsburg",2026-04-23 22:30:00,10.05
Grundschule Aystetten,2026-04-23 22:30:00,5.53
"Sternwarte Streitheim, Markt Zusmarshausen",2026-04-23 22:30:00,7.96
"Benediktinerabtei St. Stephan, Augsburg",2026-04-23 23:25:00,9.17
Grundschule Aystetten,2026-04-23 23:25:00,4.23
"Sternwarte Streitheim, Markt Zusmarshausen",2026-04-23 23:25:00,6.97
"Benediktinerabtei St. Stephan, Augsburg",2026-04-24 00:20:00,9.43
Grundschule Aystetten,2026-04-24 00:20:00,3.38
"Sternwarte Streitheim, Markt Zusmarshausen",2026-04-24 00:20:00,5.85
"Benediktinerabtei St. Stephan, Augsburg",2026-04-24 01:25:00,7.97
Grundschule Aystetten,2026-04-24 01:25:00,2.52
"Sternwarte Streitheim, Markt Zusmarshausen",2026-04-24 01:25:00,4.19
"Benediktinerabtei St. Stephan, Augsburg",2026-04-24 02:10:00,7.26
Grundschule Aystetten,2026-04-24 02:10:00,2.17
"Sternwarte Streitheim, Markt Zusmarshausen",2026-04-24 02:10:00,3.39
"Benediktinerabtei St. Stephan, Augsburg",2026-04-24 05:50:00,4.81
Grundschule Aystetten,2026-04-24 05:50:00,0.53
"Sternwarte Streitheim, Markt Zusmarshausen",2026-04-24 05:50:00,0.74
"Benediktinerabtei St. Stephan, Augsburg",2026-04-24 08:10:00,7.89
Grundschule Aystetten,2026-04-24 08:10:00,7.25
"Sternwarte Streitheim, Markt Zusmarshausen",2026-04-24 08:10:00,6.71
"Benediktinerabtei St. Stephan, Augsburg",2026-04-24 10:25:00,15
Grundschule Aystetten,2026-04-24 10:25:00,15.27
"Sternwarte Streitheim, Markt Zusmarshausen",2026-04-24 10:25:00,15.27
"Benediktinerabtei St. Stephan, Augsburg",2026-04-24 12:05:00,20.24
Grundschule Aystetten,2026-04-24 12:05:00,18.62
"Sternwarte Streitheim, Markt Zusmarshausen",2026-04-24 12:05:00,17.04
"Benediktinerabtei St. Stephan, Augsburg",2026-04-24 13:35:00,21.85
Grundschule Aystetten,2026-04-24 13:35:00,20.69
"Sternwarte Streitheim, Markt Zusmarshausen",2026-04-24 13:35:00,19.84
"Benediktinerabtei St. Stephan, Augsburg",2026-04-24 14:40:00,23.63
Grundschule Aystetten,2026-04-24 14:40:00,21.49
"Sternwarte Streitheim, Markt Zusmarshausen",2026-04-24 14:40:00,19.94
"Benediktinerabtei St. Stephan, Augsburg",2026-04-24 16:25:00,24.12
Grundschule Aystetten,2026-04-24 16:25:00,22.24
"Sternwarte Streitheim, Markt Zusmarshausen",2026-04-24 16:25:00,20.78
"Benediktinerabtei St. Stephan, Augsburg",2026-04-24 17:45:00,23.55
Grundschule Aystetten,2026-04-24 17:45:00,22.24
"Sternwarte Streitheim, Markt Zusmarshausen",2026-04-24 17:45:00,20.25
"Benediktinerabtei St. Stephan, Augsburg",2026-04-24 18:40:00,21.99
Grundschule Aystetten,2026-04-24 18:40:00,20.65
"Sternwarte Streitheim, Markt Zusmarshausen",2026-04-24 18:40:00,19.59
"Benediktinerabtei St. Stephan, Augsburg",2026-04-24 19:40:00,17.03
Grundschule Aystetten,2026-04-24 19:40:00,17.71
"Sternwarte Streitheim, Markt Zusmarshausen",2026-04-24 19:40:00,17.7
"Benediktinerabtei St. Stephan, Augsburg",2026-04-24 20:30:00,14.59
Grundschule Aystetten,2026-04-24 20:30:00,11.68
"Sternwarte Streitheim, Markt Zusmarshausen",2026-04-24 20:30:00,14.21
"Benediktinerabtei St. Stephan, Augsburg",2026-04-24 21:35:00,12.08
Grundschule Aystetten,2026-04-24 21:35:00,7.9
"Sternwarte Streitheim, Markt Zusmarshausen",2026-04-24 21:35:00,11.08
"Benediktinerabtei St. Stephan, Augsburg",2026-04-24 22:30:00,11.38
Grundschule Aystetten,2026-04-24 22:30:00,6.29
"Sternwarte Streitheim, Markt Zusmarshausen",2026-04-24 22:30:00,9.33
"Benediktinerabtei St. Stephan, Augsburg",2026-04-24 23:25:00,9.82
Grundschule Aystetten,2026-04-24 23:25:00,5.3
"Sternwarte Streitheim, Markt Zusmarshausen",2026-04-24 23:25:00,7.32
"Benediktinerabtei St. Stephan, Augsburg",2026-04-25 00:20:00,8.64
Grundschule Aystetten,2026-04-25 00:20:00,4.21
"Sternwarte Streitheim, Markt Zusmarshausen",2026-04-25 00:25:00,5.85
"Benediktinerabtei St. Stephan, Augsburg",2026-04-25 01:05:00,7.94
Grundschule Aystetten,2026-04-25 01:10:00,3.79
"Sternwarte Streitheim, Markt Zusmarshausen",2026-04-25 01:10:00,5.53
"Benediktinerabtei St. Stephan, Augsburg",2026-04-25 01:55:00,7.13
Grundschule Aystetten,2026-04-25 01:55:00,3.34
"Sternwarte Streitheim, Markt Zusmarshausen",2026-04-25 01:55:00,4.49
"Benediktinerabtei St. Stephan, Augsburg",2026-04-25 05:25:00,5.02
Grundschule Aystetten,2026-04-25 05:25:00,1.4
"Sternwarte Streitheim, Markt Zusmarshausen",2026-04-25 05:25:00,1.73
"Benediktinerabtei St. Stephan, Augsburg",2026-04-25 07:25:00,7.03
Grundschule Aystetten,2026-04-25 07:25:00,2.65
"Sternwarte Streitheim, Markt Zusmarshausen",2026-04-25 07:25:00,5.64
"Benediktinerabtei St. Stephan, Augsburg",2026-04-25 08:50:00,11.07
Grundschule Aystetten,2026-04-25 08:50:00,11.53
"Sternwarte Streitheim, Markt Zusmarshausen",2026-04-25 08:50:00,11.66
"Benediktinerabtei St. Stephan, Augsburg",2026-04-25 10:05:00,17.79
Grundschule Aystetten,2026-04-25 10:05:00,17.57
"Sternwarte Streitheim, Markt Zusmarshausen",2026-04-25 10:05:00,17.32
"Benediktinerabtei St. Stephan, Augsburg",2026-04-25 11:10:00,20.76
Grundschule Aystetten,2026-04-25 11:10:00,19.41
"Sternwarte Streitheim, Markt Zusmarshausen",2026-04-25 11:10:00,19.04
"Benediktinerabtei St. Stephan, Augsburg",2026-04-25 12:05:00,22.53
Grundschule Aystetten,2026-04-25 12:05:00,20.83
"Sternwarte Streitheim, Markt Zusmarshausen",2026-04-25 12:05:00,20.3
"Benediktinerabtei St. Stephan, Augsburg",2026-04-25 13:05:00,23.03
Grundschule Aystetten,2026-04-25 13:05:00,21.11
"Sternwarte Streitheim, Markt Zusmarshausen",2026-04-25 13:05:00,19.79
"Benediktinerabtei St. Stephan, Augsburg",2026-04-25 13:50:00,22.53
Grundschule Aystetten,2026-04-25 13:50:00,22.15
"Sternwarte Streitheim, Markt Zusmarshausen",2026-04-25 13:50:00,21.66
"Benediktinerabtei St. Stephan, Augsburg",2026-04-25 15:15:00,22.66
Grundschule Aystetten,2026-04-25 15:15:00,22.86
"Sternwarte Streitheim, Markt Zusmarshausen",2026-04-25 15:15:00,21.64
"Benediktinerabtei St. Stephan, Augsburg",2026-04-25 16:10:00,23.57
Grundschule Aystetten,2026-04-25 16:10:00,23.24
"Sternwarte Streitheim, Markt Zusmarshausen",2026-04-25 16:10:00,21.86
"Benediktinerabtei St. Stephan, Augsburg",2026-04-25 17:00:00,23.99
Grundschule Aystetten,2026-04-25 17:00:00,24.14
"Sternwarte Streitheim, Markt Zusmarshausen",2026-04-25 17:00:00,21.81
"Benediktinerabtei St. Stephan, Augsburg",2026-04-25 17:50:00,23.78
Grundschule Aystetten,2026-04-25 17:55:00,23.06
"Sternwarte Streitheim, Markt Zusmarshausen",2026-04-25 17:55:00,21.46
"Benediktinerabtei St. Stephan, Augsburg",2026-04-25 18:50:00,21.91
Grundschule Aystetten,2026-04-25 18:50:00,21.35
"Sternwarte Streitheim, Markt Zusmarshausen",2026-04-25 18:50:00,20.2
"Benediktinerabtei St. Stephan, Augsburg",2026-04-25 19:40:00,19.15
Grundschule Aystetten,2026-04-25 19:40:00,19.1
"Sternwarte Streitheim, Markt Zusmarshausen",2026-04-25 19:40:00,17.95
"Benediktinerabtei St. Stephan, Augsburg",2026-04-25 20:30:00,16.36
Grundschule Aystetten,2026-04-25 20:30:00,13.61
"Sternwarte Streitheim, Markt Zusmarshausen",2026-04-25 20:30:00,15.2
"Benediktinerabtei St. Stephan, Augsburg",2026-04-25 21:30:00,13.52
Grundschule Aystetten,2026-04-25 21:30:00,9.69
"Sternwarte Streitheim, Markt Zusmarshausen",2026-04-25 21:30:00,13.1
"Benediktinerabtei St. Stephan, Augsburg",2026-04-25 22:20:00,12.42
Grundschule Aystetten,2026-04-25 22:20:00,7.8
"Sternwarte Streitheim, Markt Zusmarshausen",2026-04-25 22:20:00,11.21
"Benediktinerabtei St. Stephan, Augsburg",2026-04-25 23:05:00,13.44
Grundschule Aystetten,2026-04-25 23:05:00,7.06
"Sternwarte Streitheim, Markt Zusmarshausen",2026-04-25 23:05:00,9.3
"Benediktinerabtei St. Stephan, Augsburg",2026-04-25 23:50:00,12.4
Grundschule Aystetten,2026-04-25 23:50:00,6.27
"Sternwarte Streitheim, Markt Zusmarshausen",2026-04-25 23:50:00,7.72
"Benediktinerabtei St. Stephan, Augsburg",2026-04-26 00:45:00,11.02
Grundschule Aystetten,2026-04-26 00:45:00,5.12
"Sternwarte Streitheim, Markt Zusmarshausen",2026-04-26 00:45:00,7.19
"Benediktinerabtei St. Stephan, Augsburg",2026-04-26 01:20:00,10.36
Grundschule Aystetten,2026-04-26 01:25:00,4.8
"Sternwarte Streitheim, Markt Zusmarshausen",2026-04-26 01:25:00,6.79
"Benediktinerabtei St. Stephan, Augsburg",2026-04-26 02:00:00,9.92
Grundschule Aystetten,2026-04-26 02:05:00,3.85
"Sternwarte Streitheim, Markt Zusmarshausen",2026-04-26 02:05:00,4.91
"Benediktinerabtei St. Stephan, Augsburg",2026-04-26 05:50:00,6.53
Grundschule Aystetten,2026-04-26 05:55:00,1.25
"Sternwarte Streitheim, Markt Zusmarshausen",2026-04-26 05:55:00,1.71
"Benediktinerabtei St. Stephan, Augsburg",2026-04-26 08:10:00,10.26
Grundschule Aystetten,2026-04-26 08:10:00,9.03
"Sternwarte Streitheim, Markt Zusmarshausen",2026-04-26 08:10:00,9.65
"Benediktinerabtei St. Stephan, Augsburg",2026-04-26 09:55:00,14.87
Grundschule Aystetten,2026-04-26 09:55:00,15.04
"Sternwarte Streitheim, Markt Zusmarshausen",2026-04-26 09:55:00,15.07
"Benediktinerabtei St. Stephan, Augsburg",2026-04-26 11:10:00,18.57
Grundschule Aystetten,2026-04-26 11:10:00,17.42
"Sternwarte Streitheim, Markt Zusmarshausen",2026-04-26 11:10:00,18
"Benediktinerabtei St. Stephan, Augsburg",2026-04-26 12:10:00,21.13
Grundschule Aystetten,2026-04-26 12:10:00,19.57
"Sternwarte Streitheim, Markt Zusmarshausen",2026-04-26 12:10:00,18.5
"Benediktinerabtei St. Stephan, Augsburg",2026-04-26 13:05:00,22.12
Grundschule Aystetten,2026-04-26 13:05:00,20.6
"Sternwarte Streitheim, Markt Zusmarshausen",2026-04-26 13:05:00,19.09
"Benediktinerabtei St. Stephan, Augsburg",2026-04-26 13:55:00,22.64
Grundschule Aystetten,2026-04-26 13:55:00,22.41
"Sternwarte Streitheim, Markt Zusmarshausen",2026-04-26 13:55:00,19.52
"Benediktinerabtei St. Stephan, Augsburg",2026-04-26 15:20:00,20.87
Grundschule Aystetten,2026-04-26 15:20:00,20.71
"Sternwarte Streitheim, Markt Zusmarshausen",2026-04-26 15:20:00,20.15
"Benediktinerabtei St. Stephan, Augsburg",2026-04-26 16:20:00,18.94
Grundschule Aystetten,2026-04-26 16:20:00,19.18
"Sternwarte Streitheim, Markt Zusmarshausen",2026-04-26 16:20:00,18.28
"Benediktinerabtei St. Stephan, Augsburg",2026-04-26 17:10:00,19.2
Grundschule Aystetten,2026-04-26 17:10:00,20.04
"Sternwarte Streitheim, Markt Zusmarshausen",2026-04-26 17:10:00,19.29
"Benediktinerabtei St. Stephan, Augsburg",2026-04-26 18:00:00,19.15
Grundschule Aystetten,2026-04-26 18:00:00,20.32
"Sternwarte Streitheim, Markt Zusmarshausen",2026-04-26 18:00:00,18.91
"Benediktinerabtei St. Stephan, Augsburg",2026-04-26 19:00:00,20.24
Grundschule Aystetten,2026-04-26 19:00:00,18.78
"Sternwarte Streitheim, Markt Zusmarshausen",2026-04-26 19:00:00,17.49
"Benediktinerabtei St. Stephan, Augsburg",2026-04-26 19:55:00,16.28
Grundschule Aystetten,2026-04-26 19:55:00,16.41
"Sternwarte Streitheim, Markt Zusmarshausen",2026-04-26 19:55:00,16.21
"Benediktinerabtei St. Stephan, Augsburg",2026-04-26 21:05:00,13.52
Grundschule Aystetten,2026-04-26 21:05:00,10.61
"Sternwarte Streitheim, Markt Zusmarshausen",2026-04-26 21:05:00,13.76
"Benediktinerabtei St. Stephan, Augsburg",2026-04-26 21:55:00,12.34
Grundschule Aystetten,2026-04-26 21:55:00,9.09
"Sternwarte Streitheim, Markt Zusmarshausen",2026-04-26 21:55:00,12.39
"Benediktinerabtei St. Stephan, Augsburg",2026-04-26 22:50:00,11.75
Grundschule Aystetten,2026-04-26 22:50:00,7.38
"Sternwarte Streitheim, Markt Zusmarshausen",2026-04-26 22:50:00,10.35
"Benediktinerabtei St. Stephan, Augsburg",2026-04-26 23:45:00,10.31
Grundschule Aystetten,2026-04-26 23:45:00,6.5
"Sternwarte Streitheim, Markt Zusmarshausen",2026-04-26 23:45:00,9.91
"Benediktinerabtei St. Stephan, Augsburg",2026-04-27 00:20:00,9.43
Grundschule Aystetten,2026-04-27 00:20:00,6.01
"Sternwarte Streitheim, Markt Zusmarshausen",2026-04-27 00:20:00,9.19
"Benediktinerabtei St. Stephan, Augsburg",2026-04-27 01:05:00,8.33
Grundschule Aystetten,2026-04-27 01:05:00,4.9
"Sternwarte Streitheim, Markt Zusmarshausen",2026-04-27 01:05:00,6.2
"Benediktinerabtei St. Stephan, Augsburg",2026-04-27 01:55:00,8.07
Grundschule Aystetten,2026-04-27 01:55:00,3.98
"Sternwarte Streitheim, Markt Zusmarshausen",2026-04-27 01:55:00,6.25
"Benediktinerabtei St. Stephan, Augsburg",2026-04-27 05:50:00,5.54
Grundschule Aystetten,2026-04-27 05:50:00,1.61
"Sternwarte Streitheim, Markt Zusmarshausen",2026-04-27 05:50:00,2.29
"Benediktinerabtei St. Stephan, Augsburg",2026-04-27 08:30:00,9.3
Grundschule Aystetten,2026-04-27 08:30:00,9.81
"Sternwarte Streitheim, Markt Zusmarshausen",2026-04-27 08:30:00,10.65
"Benediktinerabtei St. Stephan, Augsburg",2026-04-27 11:05:00,18.94
Grundschule Aystetten,2026-04-27 11:05:00,16.74
"Sternwarte Streitheim, Markt Zusmarshausen",2026-04-27 11:05:00,16.56
"Benediktinerabtei St. Stephan, Augsburg",2026-04-27 13:15:00,20.66
Grundschule Aystetten,2026-04-27 13:15:00,20.23
"Sternwarte Streitheim, Markt Zusmarshausen",2026-04-27 13:15:00,18.02
"Benediktinerabtei St. Stephan, Augsburg",2026-04-27 14:55:00,22.27
Grundschule Aystetten,2026-04-27 14:55:00,21.38
"Sternwarte Streitheim, Markt Zusmarshausen",2026-04-27 14:55:00,19.46
"Benediktinerabtei St. Stephan, Augsburg",2026-04-27 17:10:00,20.79
Grundschule Aystetten,2026-04-27 17:10:00,20.32
"Sternwarte Streitheim, Markt Zusmarshausen",2026-04-27 17:10:00,19.16
"Benediktinerabtei St. Stephan, Augsburg",2026-04-27 18:55:00,19.17
Grundschule Aystetten,2026-04-27 18:55:00,18.69
"Sternwarte Streitheim, Markt Zusmarshausen",2026-04-27 18:55:00,17.62
"Benediktinerabtei St. Stephan, Augsburg",2026-04-27 20:15:00,15.68
Grundschule Aystetten,2026-04-27 20:15:00,13.8
"Sternwarte Streitheim, Markt Zusmarshausen",2026-04-27 20:15:00,15.15
"Benediktinerabtei St. Stephan, Augsburg",2026-04-27 21:50:00,12.94
Grundschule Aystetten,2026-04-27 21:50:00,9.12
"Sternwarte Streitheim, Markt Zusmarshausen",2026-04-27 21:50:00,13.33
"Benediktinerabtei St. Stephan, Augsburg",2026-04-27 23:05:00,11.38
Grundschule Aystetten,2026-04-27 23:05:00,7.45
"Sternwarte Streitheim, Markt Zusmarshausen",2026-04-27 23:10:00,8.2
"Benediktinerabtei St. Stephan, Augsburg",2026-04-28 00:05:00,9.9
Grundschule Aystetten,2026-04-28 00:05:00,6.58
"Sternwarte Streitheim, Markt Zusmarshausen",2026-04-28 00:05:00,8.85
"Benediktinerabtei St. Stephan, Augsburg",2026-04-28 01:10:00,9.84
Grundschule Aystetten,2026-04-28 01:10:00,6.34
"Sternwarte Streitheim, Markt Zusmarshausen",2026-04-28 01:10:00,7.72
"Benediktinerabtei St. Stephan, Augsburg",2026-04-28 02:05:00,9.09
Grundschule Aystetten,2026-04-28 02:05:00,6.11
"Sternwarte Streitheim, Markt Zusmarshausen",2026-04-28 02:10:00,6.49
"Benediktinerabtei St. Stephan, Augsburg",2026-04-28 06:05:00,7.5
Grundschule Aystetten,2026-04-28 06:05:00,3.88
"Sternwarte Streitheim, Markt Zusmarshausen",2026-04-28 06:05:00,4.54
"Benediktinerabtei St. Stephan, Augsburg",2026-04-28 08:40:00,10.36
Grundschule Aystetten,2026-04-28 08:40:00,9.79
"Sternwarte Streitheim, Markt Zusmarshausen",2026-04-28 08:45:00,10.65
"Benediktinerabtei St. Stephan, Augsburg",2026-04-28 11:10:00,18.13
Grundschule Aystetten,2026-04-28 11:10:00,16.91
"Sternwarte Streitheim, Markt Zusmarshausen",2026-04-28 11:10:00,15.75
"Benediktinerabtei St. Stephan, Augsburg",2026-04-28 13:15:00,20.21
Grundschule Aystetten,2026-04-28 13:20:00,20.29
"Sternwarte Streitheim, Markt Zusmarshausen",2026-04-28 13:20:00,18.61
"Benediktinerabtei St. Stephan, Augsburg",2026-04-28 15:05:00,21.75
Grundschule Aystetten,2026-04-28 15:05:00,22.64
"Sternwarte Streitheim, Markt Zusmarshausen",2026-04-28 15:05:00,20
"Benediktinerabtei St. Stephan, Augsburg",2026-04-28 17:40:00,20.87
Grundschule Aystetten,2026-04-28 17:45:00,20.9
"Sternwarte Streitheim, Markt Zusmarshausen",2026-04-28 17:45:00,19.41
"Benediktinerabtei St. Stephan, Augsburg",2026-04-28 19:20:00,18.1
Grundschule Aystetten,2026-04-28 19:20:00,18.16
"Sternwarte Streitheim, Markt Zusmarshausen",2026-04-28 19:20:00,17.39
"Benediktinerabtei St. Stephan, Augsburg",2026-04-28 21:05:00,15.94
Grundschule Aystetten,2026-04-28 21:05:00,15.63
"Sternwarte Streitheim, Markt Zusmarshausen",2026-04-28 21:10:00,15.2
"Benediktinerabtei St. Stephan, Augsburg",2026-04-28 22:40:00,14.64
Grundschule Aystetten,2026-04-28 22:40:00,14.36
"Sternwarte Streitheim, Markt Zusmarshausen",2026-04-28 22:40:00,14.36
"Benediktinerabtei St. Stephan, Augsburg",2026-04-28 23:45:00,13.67
Grundschule Aystetten,2026-04-28 23:45:00,13.57
"Sternwarte Streitheim, Markt Zusmarshausen",2026-04-28 23:45:00,13.81
"Benediktinerabtei St. Stephan, Augsburg",2026-04-29 00:40:00,13.02
Grundschule Aystetten,2026-04-29 00:40:00,12.82
"Sternwarte Streitheim, Markt Zusmarshausen",2026-04-29 00:40:00,13.18
"Benediktinerabtei St. Stephan, Augsburg",2026-04-29 01:40:00,12.21
Grundschule Aystetten,2026-04-29 01:40:00,12.29
"Sternwarte Streitheim, Markt Zusmarshausen",2026-04-29 01:40:00,12.39
"Benediktinerabtei St. Stephan, Augsburg",2026-04-29 03:25:00,10.81
Grundschule Aystetten,2026-04-29 03:25:00,10.74
"Sternwarte Streitheim, Markt Zusmarshausen",2026-04-29 03:25:00,10.93
"Benediktinerabtei St. Stephan, Augsburg",2026-04-29 06:55:00,8.59
Grundschule Aystetten,2026-04-29 06:55:00,8.1
"Sternwarte Streitheim, Markt Zusmarshausen",2026-04-29 06:55:00,8.36
"Benediktinerabtei St. Stephan, Augsburg",2026-04-29 09:30:00,11.35
Grundschule Aystetten,2026-04-29 09:30:00,12.43
"Sternwarte Streitheim, Markt Zusmarshausen",2026-04-29 09:30:00,11.66
"Benediktinerabtei St. Stephan, Augsburg",2026-04-29 11:35:00,15.68
Grundschule Aystetten,2026-04-29 11:35:00,16.28
"Sternwarte Streitheim, Markt Zusmarshausen",2026-04-29 11:35:00,15.22
"Benediktinerabtei St. Stephan, Augsburg",2026-04-29 13:15:00,18.47
Grundschule Aystetten,2026-04-29 13:15:00,18.79
"Sternwarte Streitheim, Markt Zusmarshausen",2026-04-29 13:15:00,16.91
